Island,Site,Site name,Zone,TransID,Trip #,Date,Start time,End time,Control,AB ID,Abalone Beetag #,Rep #,Knot,Shell Presence,Shell damage,Soft Tissue,Predated,Predated.1,Shell_status,Exclude_forsure,Exclude.analysis1,standardized Rugosity index((taught rope - groovy rope)/transect length (m)),rugosity index(contoured length/straight length,Date.predator,areasurveyed.predator,Start Time.predator,End time,# pred crabs,crabdensity,Exclude.predator,date.habitat,start time.habitat,endtime.habitat,Crevice (1/0),slope of bolt,Est. % algal cover (upright algae),Exclude.habitat
SCI,Site 4,Boy Scout,High,BSH,3,12/15/23,14:43,15:52,Not control,BSH6,Y33,6,Y,Intact,None,Intact,N,0,Not predated,No,No,NA,NA,NA,0.79,17:02,NA,NA,NA,yes,NA,NA,NA,NA,NA,NA,yes
SCI,Site 4,Boy Scout,High,BSH,3,12/15/23,14:43,15:52,Not control,BSH8,Y63,8,Y,Intact,None,Intact,N,0,Not predated,No,No,NA,NA,NA,0.79,17:02,NA,NA,NA,yes,NA,NA,NA,NA,NA,NA,yes
SCI,Site 4,Boy Scout,High,BSH,3,12/15/23,14:43,15:52,Not control,BSH10,Y28,10,Y,Intact,None,Intact,N,0,Not predated,No,No,NA,NA,NA,0.79,17:02,NA,NA,NA,yes,NA,NA,NA,NA,NA,NA,yes
SCI,Site 4,Boy Scout,High,BSH,3,12/15/23,14:43,15:52,Not control,BSH18,NA,18,Y,Absent,NA,NA,Exclude,Exclude,Exclude,Yes,Yes,NA,NA,NA,0.79,17:02,NA,NA,NA,yes,NA,NA,NA,NA,NA,NA,yes
SCI,Site 4,Boy Scout,High,BSH,3,12/15/23,14:43,15:52,Not control,BSH2,NA,2,Y,Absent,NA,Absent,Y,1,Shell missing,No,No,NA,NA,NA,0.79,17:02,NA,0,0,yes,NA,NA,NA,NA,NA,NA,yes
SCI,Site 4,Boy Scout,High,BSH,3,12/15/23,14:43,15:52,Not control,BSH7,NA,7,Y,Absent,NA,Absent,Y,1,Shell missing,No,No,NA,NA,NA,0.79,17:02,NA,NA,NA,yes,NA,NA,NA,NA,NA,NA,yes
SCI,Site 4,Boy Scout,High,BSH,3,12/15/23,14:43,15:52,Not control,BSH13,NA,13,Y,Absent,NA,Absent,Y,1,Shell missing,No,No,NA,NA,NA,0.79,17:02,NA,NA,NA,yes,NA,NA,NA,NA,NA,NA,yes
SCI,Site 4,Boy Scout,High,BSH,3,12/15/23,14:43,15:52,Not control,BSH16,NA,16,Y,Absent,NA,Absent,Y,1,Shell missing,No,No,NA,NA,NA,0.79,17:02,NA,NA,NA,yes,NA,NA,NA,NA,NA,NA,yes
SCI,Site 4,Boy Scout,High,BSH,3,12/15/23,14:43,15:52,Not control,BSH3,NA,3,Y,Intact,None,Absent,Y,1,Tissue missing,No,No,NA,NA,NA,0.79,17:02,NA,NA,NA,yes,NA,NA,NA,NA,NA,NA,yes
SCI,Site 4,Boy Scout,High,BSH,3,12/15/23,14:43,15:52,Not control,BSH9,Y93,9,Y,Intact,None,Absent,Y,1,Tissue missing,No,No,NA,NA,NA,0.79,17:02,NA,NA,NA,yes,NA,NA,NA,NA,NA,NA,yes
SCI,Site 4,Boy Scout,High,BSH,3,12/15/23,14:43,15:52,Not control,BSH11,Y29,11,Y,Intact,None,Absent,Y,1,Tissue missing,No,No,NA,NA,NA,0.79,17:02,NA,NA,NA,yes,NA,NA,NA,NA,NA,NA,yes
SCI,Site 4,Boy Scout,High,BSH,3,12/15/23,14:43,15:52,Not control,BSH12,Y62,12,Y,Intact,None,Absent,Y,1,Tissue missing,No,No,NA,NA,NA,0.79,17:02,NA,NA,NA,yes,NA,NA,NA,NA,NA,NA,yes
SCI,Site 4,Boy Scout,High,BSH,3,12/15/23,14:43,15:52,Not control,BSH14,Y39,14,Y,Intact,None,Absent,Y,1,Tissue missing,No,No,NA,NA,NA,0.79,17:02,NA,NA,NA,yes,NA,NA,NA,NA,NA,NA,yes
SCI,Site 4,Boy Scout,High,BSH,3,12/15/23,14:43,15:52,Not control,BSH15,W52,15,Y,Intact,None,Absent,Y,1,Tissue missing,No,No,NA,NA,NA,0.79,17:02,NA,NA,NA,yes,NA,NA,NA,NA,NA,NA,yes
SCI,Site 4,Boy Scout,High,BSH,3,12/15/23,14:43,15:52,Not control,BSH19,Y43,19,Y,Intact,None,Absent,Y,1,Tissue missing,No,No,NA,NA,NA,0.79,17:02,NA,NA,NA,yes,NA,NA,NA,NA,NA,NA,yes
SCI,Site 4,Boy Scout,High,BSH,3,12/15/23,14:43,15:52,Not control,BSH1,NA,1,Y,Intact,Chipped,Absent,Y,1,Tissue missing,No,No,NA,NA,NA,0.79,17:02,NA,NA,NA,yes,NA,NA,NA,NA,NA,NA,yes
SCI,Site 4,Boy Scout,High,BSH,3,12/15/23,14:43,15:52,Not control,BSH4,NA,5,Y,Intact,Chipped,Absent,Y,1,Tissue missing,No,No,NA,NA,NA,0.79,17:02,NA,NA,NA,yes,NA,NA,NA,NA,NA,NA,yes
SCI,Site 4,Boy Scout,High,BSH,3,12/15/23,14:43,15:52,Not control,BSH5,NA,4,Y,Intact,Chipped,Absent,Y,1,Tissue missing + shell damage,No,No,NA,NA,NA,0.79,17:02,NA,NA,NA,yes,NA,NA,NA,NA,NA,NA,yes
SCI,Site 4,Boy Scout,High,BSH,3,12/15/23,14:43,15:52,Not control,BSH17,NA,17,Y,Partial,Crushed,Absent,Y,1,Tissue missing + shell damage,No,No,NA,NA,NA,0.79,17:02,NA,NA,NA,yes,NA,NA,NA,NA,NA,NA,yes
SCI,Site 4,Boy Scout,High,BSH,3,12/15/23,14:43,15:52,Not control,BSH20,NA,20,Y,Intact,Chipped,Absent,Y,1,Tissue missing + shell damage,No,No,NA,NA,NA,0.79,17:02,NA,NA,NA,yes,NA,NA,NA,NA,NA,NA,yes
SCI,Site 4,Boy Scout,Low,BSL,3,12/15/23,15:56,16:27,Not control,BSL1,NA,1,Y,Intact,None,Intact,N,0,Not predated,No,No,NA,NA,NA,0.79,16:41,NA,0,0,yes,NA,NA,NA,NA,NA,NA,yes
SCI,Site 4,Boy Scout,Low,BSL,3,12/15/23,15:56,16:27,Not control,BSL11,Y57,11,Y,Intact,None,Intact,N,0,Not predated,No,No,NA,NA,NA,0.79,16:41,NA,0,0,yes,NA,NA,NA,NA,NA,NA,yes
SCI,Site 4,Boy Scout,Low,BSL,3,12/15/23,15:56,16:27,Not control,BSL16,W89,16,Y,Intact,None,Intact,N,0,Not predated,No,No,NA,NA,NA,0.79,16:41,NA,NA,NA,yes,NA,NA,NA,NA,NA,NA,yes
SCI,Site 4,Boy Scout,Low,BSL,3,12/15/23,15:56,16:27,Not control,BSL20,Y30,20,Y,Intact,None,Intact,N,0,Not predated,No,No,NA,NA,NA,0.79,16:41,NA,NA,NA,yes,NA,NA,NA,NA,NA,NA,yes
SCI,Site 4,Boy Scout,Low,BSL,3,12/15/23,15:56,16:27,Not control,BSL2,NA,2,Y,Absent,NA,Absent,Y,1,Shell missing,No,No,NA,NA,NA,0.79,16:41,NA,0,0,yes,NA,NA,NA,NA,NA,NA,yes
SCI,Site 4,Boy Scout,Low,BSL,3,12/15/23,15:56,16:27,Not control,BSL3,NA,3,Y,Absent,NA,Absent,Y,1,Shell missing,No,No,NA,NA,NA,0.79,16:41,NA,0,0,yes,NA,NA,NA,NA,NA,NA,yes
SCI,Site 4,Boy Scout,Low,BSL,3,12/15/23,15:56,16:27,Not control,BSL6,NA,6,Y,Absent,NA,Absent,Y,1,Shell missing,No,No,NA,NA,NA,0.79,16:41,NA,NA,NA,yes,NA,NA,NA,NA,NA,NA,yes
SCI,Site 4,Boy Scout,Low,BSL,3,12/15/23,15:56,16:27,Not control,BSL7,NA,7,Y,Absent,NA,Absent,Y,1,Shell missing,No,No,NA,NA,NA,0.79,16:41,NA,0,0,yes,NA,NA,NA,NA,NA,NA,yes
SCI,Site 4,Boy Scout,Low,BSL,3,12/15/23,15:56,16:27,Not control,BSL8,NA,8,Y,Absent,NA,Absent,Y,1,Shell missing,No,No,NA,NA,NA,0.79,16:41,NA,NA,NA,yes,NA,NA,NA,NA,NA,NA,yes
SCI,Site 4,Boy Scout,Low,BSL,3,12/15/23,15:56,16:27,Not control,BSL10,NA,10,Y,Absent,NA,Absent,Y,1,Shell missing,No,No,NA,NA,NA,0.79,16:41,NA,NA,NA,yes,NA,NA,NA,NA,NA,NA,yes
SCI,Site 4,Boy Scout,Low,BSL,3,12/15/23,15:56,16:27,Not control,BSL12,NA,12,Y,Absent,NA,Absent,Y,1,Shell missing,No,No,NA,NA,NA,0.79,16:41,NA,NA,NA,yes,NA,NA,NA,NA,NA,NA,yes
SCI,Site 4,Boy Scout,Low,BSL,3,12/15/23,15:56,16:27,Not control,BSL13,NA,13,Y,Absent,NA,Absent,Y,1,Shell missing,No,No,NA,NA,NA,0.79,16:41,NA,0,0,yes,NA,NA,NA,NA,NA,NA,yes
SCI,Site 4,Boy Scout,Low,BSL,3,12/15/23,15:56,16:27,Not control,BSL15,NA,15,Y,Absent,NA,Absent,Y,1,Shell missing,No,No,NA,NA,NA,0.79,16:41,NA,NA,NA,yes,NA,NA,NA,NA,NA,NA,yes
SCI,Site 4,Boy Scout,Low,BSL,3,12/15/23,15:56,16:27,Not control,BSL17,NA,17,Y,Absent,NA,Absent,Y,1,Shell missing,No,No,NA,NA,NA,0.79,16:41,NA,NA,NA,yes,NA,NA,NA,NA,NA,NA,yes
SCI,Site 4,Boy Scout,Low,BSL,3,12/15/23,15:56,16:27,Not control,BSL18,NA,18,Y,Absent,NA,Absent,Y,1,Shell missing,No,No,NA,NA,NA,0.79,16:41,NA,NA,NA,yes,NA,NA,NA,NA,NA,NA,yes
SCI,Site 4,Boy Scout,Low,BSL,3,12/15/23,15:56,16:27,Not control,BSL19,NA,19,Y,Absent,NA,Absent,Y,1,Shell missing,No,No,NA,NA,NA,0.79,16:41,NA,NA,NA,yes,NA,NA,NA,NA,NA,NA,yes
SCI,Site 4,Boy Scout,Low,BSL,3,12/15/23,15:56,16:27,Not control,BSL4,Y40,4,Y,Intact,Chipped,Absent,Y,1,Tissue missing,No,No,NA,NA,NA,0.79,16:41,NA,NA,NA,yes,NA,NA,NA,NA,NA,NA,yes
SCI,Site 4,Boy Scout,Low,BSL,3,12/15/23,15:56,16:27,Not control,BSL9,NA,9,Y,Intact,Chipped,Absent,Y,1,Tissue missing,No,No,NA,NA,NA,0.79,16:41,NA,NA,NA,yes,NA,NA,NA,NA,NA,NA,yes
SCI,Site 4,Boy Scout,Low,BSL,3,12/15/23,15:56,16:27,Not control,BSL14,Y91,14,Y,Intact,Chipped,Absent,Y,1,Tissue missing,No,No,NA,NA,NA,0.79,16:41,NA,NA,NA,yes,NA,NA,NA,NA,NA,NA,yes
SCI,Site 4,Boy Scout,Low,BSL,3,12/15/23,15:56,16:27,Not control,BSL5,W58,5,Y,Intact,Chipped,Absent,Y,1,Tissue missing + shell damage,No,No,NA,NA,NA,0.79,16:41,NA,NA,NA,yes,NA,NA,NA,NA,NA,NA,yes
SCI,Site 4,Boy Scout,High,BSH,3,12/15/23,14:43,15:52,Control,BSHC2,,2,Y,Intact,None,Intact,N,0,Not predated,No,,NA,NA,NA,0.79,17:02,NA,NA,NA,yes,NA,NA,NA,NA,NA,NA,
SCI,Site 4,Boy Scout,High,BSH,3,12/15/23,14:43,15:52,Control,BSHC4,,4,Y,Absent,NA,Absent,Y,1,Shell missing,?,Yes,NA,NA,NA,0.79,17:02,NA,NA,NA,yes,NA,NA,NA,NA,NA,NA,
SCI,Site 4,Boy Scout,High,BSH,3,12/15/23,14:43,15:52,Control,BSHC5,,5,Y,Absent,NA,Absent,Y,1,Shell missing,?,Yes,NA,NA,NA,0.79,17:02,NA,NA,NA,yes,NA,NA,NA,NA,NA,NA,
SCI,Site 4,Boy Scout,High,BSH,3,12/15/23,14:43,15:52,Control,BSHC1,,1,Y,Intact,None,Absent,Y,1,Tissue missing,No,Yes,NA,NA,NA,0.79,17:02,NA,NA,NA,yes,NA,NA,NA,NA,NA,NA,
SCI,Site 4,Boy Scout,High,BSH,3,12/15/23,14:43,15:52,Control,BSHC3,,3,Y,Intact,None,Absent,Y,1,Tissue missing,No,Yes,NA,NA,NA,0.79,17:02,NA,NA,NA,yes,NA,NA,NA,NA,NA,NA,
SCI,Site 4,Boy Scout,Low,BSL,3,12/15/23,15:56,16:27,Control,BSLC1,,1,Y,Intact,None,Intact,N,0,Not predated,No,,NA,NA,NA,0.79,16:41,NA,NA,NA,yes,NA,NA,NA,NA,NA,NA,
SCI,Site 4,Boy Scout,Low,BSL,3,12/15/23,15:56,16:27,Control,BSLC2,,2,Y,Intact,None,Intact,N,0,Not predated,No,,NA,NA,NA,0.79,16:41,NA,NA,NA,yes,NA,NA,NA,NA,NA,NA,
SCI,Site 4,Boy Scout,Low,BSL,3,12/15/23,15:56,16:27,Control,BSLC3,,3,Y,Absent,NA,NA,Y,1,Shell missing,No,Yes,NA,NA,NA,0.79,16:41,NA,NA,NA,yes,NA,NA,NA,NA,NA,NA,
SCI,Site 4,Boy Scout,Low,BSL,3,12/15/23,15:56,16:27,Control,BSLC4,,4,Y,Absent,NA,NA,Y,1,Shell missing,No,Yes,NA,NA,NA,0.79,16:41,NA,NA,NA,yes,NA,NA,NA,NA,NA,NA,
SCI,Site 4,Boy Scout,Low,BSL,3,12/15/23,15:56,16:27,Control,BSLC5,,5,Y,Intact,NA,Absent,Y,1,Tissue missing,No,Yes,NA,NA,NA,0.79,16:41,NA,NA,NA,yes,NA,NA,NA,NA,NA,NA,
SNI,Site 1,Cosign,High,CH,1,10/28/23,2:30,17:32,Not control,CH1,none,1,Y,Intact,None,Intact,N,0,Not predated,No,No,0.307120085,1.307120085,10/28/23,0.79,14:25,NA,0,0,no,10/31/23,NA,NA,0,57,15,no
SNI,Site 1,Cosign,High,CH,1,10/28/23,2:30,17:32,Not control,CH2,none,2,Y,Intact,None,Intact,N,0,Not predated,No,No,0.307120085,1.307120085,10/28/23,0.79,14:25,NA,0,0,no,10/31/23,NA,NA,1,78,5,no
SNI,Site 1,Cosign,High,CH,1,10/28/23,2:30,17:32,Not control,CH5,none,5,Y,Intact,None,Intact,N,0,Not predated,No,No,0.307120085,1.307120085,10/28/23,0.79,14:25,NA,0,0,no,10/31/23,NA,NA,1,58,7,no
SNI,Site 1,Cosign,High,CH,1,10/28/23,2:30,17:32,Not control,CH6,none,6,Y,Intact,None,Intact,N,0,Not predated,No,No,0.307120085,1.307120085,10/28/23,0.79,14:25,NA,2,2.53164557,no,10/31/23,NA,NA,1,0,0,no
SNI,Site 1,Cosign,High,CH,1,10/28/23,2:30,17:32,Not control,CH7,none,7,Y,Intact,Chipped,Intact,N,0,Not predated,No,No,0.307120085,1.307120085,10/28/23,0.79,14:25,NA,2,2.53164557,no,10/31/23,NA,NA,1,61,0,no
SNI,Site 1,Cosign,High,CH,1,10/28/23,2:30,17:32,Not control,CH9,none,9,Y,Intact,None,Intact,N,0,Not predated,No,No,0.307120085,1.307120085,10/28/23,0.79,14:25,NA,1,1.265822785,no,10/31/23,NA,NA,0,19,5,no
SNI,Site 1,Cosign,High,CH,1,10/28/23,2:30,17:32,Not control,CH15,none,15,Y,Intact,None,Intact,N,0,Not predated,No,No,0.307120085,1.307120085,10/28/23,0.79,14:25,NA,0,0,no,10/31/23,NA,NA,1,55,0,no
SNI,Site 1,Cosign,High,CH,1,10/28/23,2:30,17:32,Not control,CH19,none,19,Y,Intact,None,Intact,N,0,Not predated,No,No,0.307120085,1.307120085,10/28/23,0.79,14:25,NA,0,0,no,10/31/23,NA,NA,0,49,0,no
SNI,Site 1,Cosign,High,CH,1,10/28/23,2:30,17:32,Not control,CH20,none,20,Y,Intact,None,Intact,N,0,Not predated,No,No,0.307120085,1.307120085,10/28/23,0.79,14:25,NA,0,0,no,10/31/23,NA,NA,0,36,50,no
SNI,Site 1,Cosign,High,CH,1,10/28/23,2:30,17:32,Not control,CH11,none,11,NA,Absent,NA,NA,Exclude,Exclude,Exclude,Yes,Yes,0.307120085,1.307120085,10/28/23,0.79,14:25,NA,0,0,no,10/31/23,NA,NA,1,62,0,no
SNI,Site 1,Cosign,High,CH,1,10/28/23,2:30,17:32,Not control,CH14,none,14,NA,Absent,NA,NA,Exclude,Exclude,Exclude,Yes,Yes,0.307120085,1.307120085,10/28/23,0.79,14:25,NA,0,0,no,10/31/23,NA,NA,1,47,0,no
SNI,Site 1,Cosign,High,CH,1,10/28/23,2:30,17:32,Not control,CH16,none,16,NA,Absent,NA,NA,Exclude,Exclude,Exclude,Yes,Yes,0.307120085,1.307120085,10/28/23,0.79,14:25,NA,0,0,no,10/31/23,NA,NA,1,67,0,no
SNI,Site 1,Cosign,High,CH,1,10/28/23,2:30,17:32,Not control,CH17,none,17,NA,Absent,NA,NA,Exclude,Exclude,Exclude,Yes,Yes,0.307120085,1.307120085,10/28/23,0.79,14:25,NA,1,1.265822785,no,10/31/23,NA,NA,1,29,0,no
SNI,Site 1,Cosign,High,CH,1,10/28/23,2:30,17:32,Not control,CH12,none,12,Y,Intact,Chipped,Partial,Y,1,Tissue missing,No,No,0.307120085,1.307120085,10/28/23,0.79,14:25,NA,0,0,no,10/31/23,NA,NA,0,38,0,no
SNI,Site 1,Cosign,High,CH,1,10/28/23,2:30,17:32,Not control,CH4,none,4,N,Absent,NA,NA,Y,1,Shell missing,No,No,0.307120085,1.307120085,10/28/23,0.79,14:25,NA,0,0,no,10/31/23,NA,NA,1,31,5,no
SNI,Site 1,Cosign,High,CH,1,10/28/23,2:30,17:32,Not control,CH3,none,3,Y,Intact,Chipped,Absent,Y,1,Tissue missing,No,No,0.307120085,1.307120085,10/28/23,0.79,14:25,NA,1,1.265822785,no,10/31/23,NA,NA,1,50,1,no
SNI,Site 1,Cosign,High,CH,1,10/28/23,2:30,17:32,Not control,CH8,none,8,Y,Intact,None,Absent,Y,1,Tissue missing,No,No,0.307120085,1.307120085,10/28/23,0.79,14:25,NA,1,1.265822785,no,10/31/23,NA,NA,1,39,0,no
SNI,Site 1,Cosign,High,CH,1,10/28/23,2:30,17:32,Not control,CH10,none,10,Y,Intact,Chipped,Absent,Y,1,Tissue missing,No,No,0.307120085,1.307120085,10/28/23,0.79,14:25,NA,0,0,no,10/31/23,NA,NA,1,58,10,no
SNI,Site 1,Cosign,High,CH,1,10/28/23,2:30,17:32,Not control,CH13,none,13,Y,Intact,Chipped,Absent,Y,1,Tissue missing,No,No,0.307120085,1.307120085,10/28/23,0.79,14:25,NA,0,0,no,10/31/23,NA,NA,1,3,1,no
SNI,Site 1,Cosign,High,CH,1,10/28/23,2:30,17:32,Not control,CH18,none,18,Y,Intact,None,Absent,Y,1,Tissue missing,No,No,0.307120085,1.307120085,10/28/23,0.79,14:25,NA,2,2.53164557,no,10/31/23,NA,NA,0,63,40,no
SNI,Site 1,Cosign,Low,CL,1,10/28/23,15:00,16:20,Not control,CL1,none,1,Y,Intact,None,Intact,N,0,Not predated,No,No,0.349670812,1.349670812,10/28/23,0.79,15:04,16:25,0,0,no,10/31/23,NA,NA,1,86,0,no
SNI,Site 1,Cosign,Low,CL,1,10/28/23,15:00,16:20,Not control,CL2,none,2,Y,Intact,None,Intact,N,0,Not predated,No,No,0.349670812,1.349670812,10/28/23,0.79,15:04,16:25,0,0,no,10/31/23,NA,NA,1,57,1,no
SNI,Site 1,Cosign,Low,CL,1,10/28/23,15:00,16:20,Not control,CL4,none,4,Y,Intact,Chipped,Intact,N,0,Not predated,No,Yes,0.349670812,1.349670812,10/28/23,0.79,15:04,16:25,0,0,no,10/31/23,NA,NA,1,83,15,no
SNI,Site 1,Cosign,Low,CL,1,10/28/23,15:00,16:20,Not control,CL6,none,6,Y,Intact,None,Intact,N,0,Not predated,No,No,0.349670812,1.349670812,10/28/23,0.79,15:04,16:25,0,0,no,10/31/23,NA,NA,0,34,45,no
SNI,Site 1,Cosign,Low,CL,1,10/28/23,15:00,16:20,Not control,CL7,none,7,Y,Intact,None,Intact,N,0,Not predated,No,No,0.349670812,1.349670812,10/28/23,0.79,15:04,16:25,0,0,no,10/31/23,NA,NA,1,63,30,no
SNI,Site 1,Cosign,Low,CL,1,10/28/23,15:00,16:20,Not control,CL8,none,8,Y,Intact,None,Intact,N,0,Not predated,No,No,0.349670812,1.349670812,10/28/23,0.79,15:04,16:25,4,5.063291139,no,10/31/23,NA,NA,1,53,20,no
SNI,Site 1,Cosign,Low,CL,1,10/28/23,15:00,16:20,Not control,CL9,none,9,Y,Intact,None,Intact,N,0,Not predated,No,Yes,0.349670812,1.349670812,10/28/23,0.79,15:04,16:25,1,1.265822785,no,10/31/23,NA,NA,1,84,0,no
SNI,Site 1,Cosign,Low,CL,1,10/28/23,15:00,16:20,Not control,CL10,none,10,Y,Intact,None,Intact,N,0,Not predated,No,No,0.349670812,1.349670812,10/28/23,0.79,15:04,16:25,0,0,no,10/31/23,NA,NA,1,71,60,no
SNI,Site 1,Cosign,Low,CL,1,10/28/23,15:00,16:20,Not control,CL11,none,11,Y,Intact,None,Intact,N,0,Not predated,No,No,0.349670812,1.349670812,10/28/23,0.79,15:04,16:25,1,1.265822785,no,10/31/23,NA,NA,1,46,25,no
SNI,Site 1,Cosign,Low,CL,1,10/28/23,15:00,16:20,Not control,CL14,none,14,Y,Intact,None,Intact,N,0,Not predated,No,No,0.349670812,1.349670812,10/28/23,0.79,15:04,16:25,0,0,no,10/31/23,NA,NA,0,53,70,no
SNI,Site 1,Cosign,Low,CL,1,10/28/23,15:00,16:20,Not control,CL15,none,15,Y,Intact,None,Intact,N,0,Not predated,No,No,0.349670812,1.349670812,10/28/23,0.79,15:04,16:25,1,1.265822785,no,10/31/23,NA,NA,1,68,20,no
SNI,Site 1,Cosign,Low,CL,1,10/28/23,15:00,16:20,Not control,CL16,none,16,Y,Intact,None,Intact,N,0,Not predated,No,No,0.349670812,1.349670812,10/28/23,0.79,15:04,16:25,0,0,no,10/31/23,NA,NA,1,89,10,no
SNI,Site 1,Cosign,Low,CL,1,10/28/23,15:00,16:20,Not control,CL20,none,20,Y,Intact,Chipped,Intact,N,0,Not predated,No,No,0.349670812,1.349670812,10/28/23,0.79,15:04,16:25,0,0,no,10/31/23,NA,NA,0,76,50,no
SNI,Site 1,Cosign,Low,CL,1,10/28/23,15:00,16:20,Not control,CL3,none,3,NA,Absent,NA,NA,Exclude,Exclude,Exclude,Yes,Yes,0.349670812,1.349670812,10/28/23,0.79,15:04,16:25,1,1.265822785,no,10/31/23,NA,NA,1,89,40,no
SNI,Site 1,Cosign,Low,CL,1,10/28/23,15:00,16:20,Not control,CL5,none,5,NA,Absent,NA,NA,Exclude,Exclude,Exclude,Yes,Yes,0.349670812,1.349670812,10/28/23,0.79,15:04,16:25,0,0,no,10/31/23,NA,NA,1,57,3,no
SNI,Site 1,Cosign,Low,CL,1,10/28/23,15:00,16:20,Not control,CL12,none,12,Y,Absent,NA,NA,Y,1,Shell missing,No,No,0.349670812,1.349670812,10/28/23,0.79,15:04,16:25,2,2.53164557,no,10/31/23,NA,NA,0,53,25,no
SNI,Site 1,Cosign,Low,CL,1,10/28/23,15:00,16:20,Not control,CL17,none,17,Y,Absent,NA,NA,Y,1,Shell missing,No,No,0.349670812,1.349670812,10/28/23,0.79,15:04,16:25,5,6.329113924,no,10/31/23,NA,NA,0,56,30,no
SNI,Site 1,Cosign,Low,CL,1,10/28/23,15:00,16:20,Not control,CL13,none,13,Y,Intact,Chipped,Absent,Y,1,Tissue missing,No,No,0.349670812,1.349670812,10/28/23,0.79,15:04,16:25,3,3.797468354,no,10/31/23,NA,NA,1,54,15,no
SNI,Site 1,Cosign,Low,CL,1,10/28/23,15:00,16:20,Not control,CL18,none,18,Y,Intact,Chipped,Absent,Y,1,Tissue missing,No,No,0.349670812,1.349670812,10/28/23,0.79,15:04,16:25,0,0,no,10/31/23,NA,NA,1,78,20,no
SNI,Site 1,Cosign,Low,CL,1,10/28/23,15:00,16:20,Not control,CL19,none,19,Y,Intact,Chipped,Absent,Y,1,Tissue missing,No,No,0.349670812,1.349670812,10/28/23,0.79,15:04,16:25,1,1.265822785,no,10/31/23,NA,NA,0,45,30,no
SNI,Site 1,Cosign,High,CH,1,10/28/23,2:30,17:32,Control,CHC2,none,2C,Y,Intact,Chipped,Intact,N,0,Not predated,No,,0.307120085,1.307120085,NA,0.79,14:25,NA,NA,NA,NA,NA,NA,NA,NA,NA,NA,NA
SNI,Site 1,Cosign,High,CH,1,10/28/23,2:30,17:32,Control,CHC3,none,3C,Y,Intact,None,Intact,N,0,Not predated,No,,0.307120085,1.307120085,NA,0.79,14:25,NA,NA,NA,NA,NA,NA,NA,NA,NA,NA,NA
SNI,Site 1,Cosign,High,CH,1,10/28/23,2:30,17:32,Control,CHC4,none,4C,Y,Intact,None,Intact,N,0,Not predated,?,,0.307120085,1.307120085,NA,0.79,14:25,NA,NA,NA,NA,NA,NA,NA,NA,NA,NA,NA
SNI,Site 1,Cosign,High,CH,1,10/28/23,2:30,17:32,Control,CHC1,none,1C,Y,Intact,None,Partial,Y,1,Partial tissue missing,?,Yes,0.307120085,1.307120085,NA,0.79,14:25,NA,NA,NA,NA,NA,NA,NA,NA,NA,NA,NA
SNI,Site 1,Cosign,High,CH,1,10/28/23,2:30,17:32,Control,CHC5,none,5C,NA,Absent,NA,NA,Y,1,Shell missing,?,Yes,0.307120085,1.307120085,NA,0.79,14:25,NA,NA,NA,NA,NA,NA,NA,NA,NA,NA,NA
SNI,Site 1,Cosign,Low,CL,1,10/28/23,15:00,16:20,Control,CLC1,none,1C,Y,Intact,None,Intact,N,0,Not predated,?,,0.349670812,1.349670812,NA,0.79,15:04,16:25,NA,NA,NA,NA,NA,NA,NA,NA,NA,NA
SNI,Site 1,Cosign,Low,CL,1,10/28/23,15:00,16:20,Control,CLC2,none,2C,Y,Intact,None,Intact,N,0,Not predated,?,,0.349670812,1.349670812,NA,0.79,15:04,16:25,NA,NA,NA,NA,NA,NA,NA,NA,NA,NA
SNI,Site 1,Cosign,Low,CL,1,10/28/23,15:00,16:20,Control,CLC4,none,4C,Y,Intact,None,Intact,N,0,Not predated,No,,0.349670812,1.349670812,NA,0.79,15:04,16:25,NA,NA,NA,NA,NA,NA,NA,NA,NA,NA
SNI,Site 1,Cosign,Low,CL,1,10/28/23,15:00,16:20,Control,CLC5,none,5C,Y,Intact,Chipped,Intact,N,0,Not predated,No,,0.349670812,1.349670812,NA,0.79,15:04,16:25,NA,NA,NA,NA,NA,NA,NA,NA,NA,NA
SNI,Site 1,Cosign,Low,CL,1,10/28/23,15:00,16:20,Control,CLC3,none,3C,NA,Absent,NA,NA,Y,1,Shell missing,Yes,Yes,0.349670812,1.349670812,NA,0.79,15:04,16:25,NA,NA,NA,NA,NA,NA,NA,NA,NA,NA
SNI,Site 4,Daytona Beach,High,DBH,4,1/21/24,11:45,13:00,Not control,DBH1,Y01,1,Y,Intact,None,Intact,N,0,Not predated,No,No,0.167681753,1.167681753,1/19/24,0.79,11:45,13:05,0,0,no,1/19/24,13:50,NA,0,64,1,no
SNI,Site 4,Daytona Beach,High,DBH,4,1/21/24,11:45,13:00,Not control,DBH2,Y80,2,Y,Intact,None,Intact,N,0,Not predated,No,No,0.167681753,1.167681753,1/21/24,0.79,11:45,13:05,0,0,no,1/19/24,13:50,NA,0,45,5,no
SNI,Site 4,Daytona Beach,High,DBH,4,1/21/24,11:45,13:00,Not control,DBH3,Y50,3,Y,Intact,None,Intact,N,0,Not predated,No,No,0.167681753,1.167681753,1/21/24,0.79,11:45,13:05,0,0,no,1/19/24,13:50,NA,1,59,0,no
SNI,Site 4,Daytona Beach,High,DBH,4,1/21/24,11:45,13:00,Not control,DBH6,Y42,6,Y,Intact,None,Intact,N,0,Not predated,No,No,0.167681753,1.167681753,1/21/24,0.79,11:45,13:05,0,0,no,1/19/24,13:50,NA,1,21,0,no
SNI,Site 4,Daytona Beach,High,DBH,4,1/21/24,11:45,13:00,Not control,DBH7,Y60,7,Y,Intact,None,Intact,N,0,Not predated,No,No,0.167681753,1.167681753,1/21/24,0.79,11:45,13:05,0,0,no,1/19/24,13:50,NA,0,86,0,no
SNI,Site 4,Daytona Beach,High,DBH,4,1/21/24,11:45,13:00,Not control,DBH13,Y17,13,Y,Intact,None,Intact,N,0,Not predated,No,No,0.167681753,1.167681753,1/21/24,0.79,11:45,13:05,0,0,no,1/19/24,13:50,NA,0,20,50,no
SNI,Site 4,Daytona Beach,High,DBH,4,1/21/24,11:45,13:00,Not control,DBH4,NA,4,Y,Intact,Chipped,Partial,Exclude,Exclude,Mortality,Yes,Yes,0.167681753,1.167681753,1/21/24,0.79,11:45,13:05,1,1.265822785,no,1/19/24,13:50,NA,0,49,0,no
SNI,Site 4,Daytona Beach,High,DBH,4,1/21/24,11:45,13:00,Not control,DBH12,Y07,12,Y,Intact,Chipped,Partial,Exclude,Exclude,Mortality,Yes,Yes,0.167681753,1.167681753,1/21/24,0.79,11:45,13:05,0,0,yes,1/19/24,13:50,NA,0,20,10,no
SNI,Site 4,Daytona Beach,High,DBH,4,1/21/24,11:45,13:00,Not control,DBH14,Y25,14,Y,Intact,Chipped,Partial,Exclude,Exclude,Mortality,Yes,Yes,0.167681753,1.167681753,1/21/24,0.79,11:45,13:05,0,0,no,1/19/24,13:50,NA,0,71,45,no
SNI,Site 4,Daytona Beach,High,DBH,4,1/21/24,11:45,13:00,Not control,DBH16,Y05,16,Y,Intact,None,Intact,Exclude,Exclude,Mortality,Yes,Yes,0.167681753,1.167681753,1/21/24,0.79,11:45,13:05,0,0,yes,1/19/24,13:50,NA,0,15,10,no
SNI,Site 4,Daytona Beach,High,DBH,4,1/21/24,11:45,13:00,Not control,DBH18,Y10,18,Y,Intact,Chipped,Partial,Exclude,Exclude,Mortality,Yes,Yes,0.167681753,1.167681753,1/21/24,0.79,11:45,13:05,0,0,yes,1/19/24,13:50,NA,0,34,0,no
SNI,Site 4,Daytona Beach,High,DBH,4,1/21/24,11:45,13:00,Not control,DBH20,Y36,20,Y,Intact,None,Intact,Exclude,Exclude,Exclude,Yes,Yes,0.167681753,1.167681753,1/21/24,0.79,11:45,13:05,0,0,yes,1/19/24,13:50,NA,0,51,0,yes
SNI,Site 4,Daytona Beach,High,DBH,4,1/21/24,11:45,13:00,Not control,DBH15,Y35,15,Y,Intact,Chipped,Partial,Y,1,Tissue missing,No,No,0.167681753,1.167681753,1/21/24,0.79,11:45,13:05,0,0,no,1/19/24,13:50,NA,1,13,0,no
SNI,Site 4,Daytona Beach,High,DBH,4,1/21/24,11:45,13:00,Not control,DBH10,NA,10,Y,Absent,NA,NA,Y,1,Shell missing,No,Yes,0.167681753,1.167681753,1/21/24,0.79,11:45,13:05,0,0,yes,1/19/24,13:50,NA,0,18,2,no
SNI,Site 4,Daytona Beach,High,DBH,4,1/21/24,11:45,13:00,Not control,DBH17,NA,17,Y,Absent,NA,NA,Y,1,Shell missing,No,Yes,0.167681753,1.167681753,1/21/24,0.79,11:45,13:05,0,0,yes,1/19/24,13:50,NA,0,43,0,no
SNI,Site 4,Daytona Beach,High,DBH,4,1/21/24,11:45,13:00,Not control,DBH19,NA,19,Y,Absent,NA,NA,Y,1,Shell missing,No,Yes,0.167681753,1.167681753,1/21/24,0.79,11:45,13:05,0,0,yes,1/19/24,13:50,NA,0,27,0,no
SNI,Site 4,Daytona Beach,High,DBH,4,1/21/24,11:45,13:00,Not control,DBH5,Y08,5,Y,Intact,None,Absent,Y,1,Tissue missing,No,No,0.167681753,1.167681753,1/21/24,0.79,11:45,13:05,0,0,no,1/19/24,13:50,NA,0,44,4,no
SNI,Site 4,Daytona Beach,High,DBH,4,1/21/24,11:45,13:00,Not control,DBH8,Y03,8,Y,Intact,None,Absent,Y,1,Tissue missing,No,Yes,0.167681753,1.167681753,1/21/24,0.79,11:45,13:05,0,0,no,1/19/24,13:50,NA,0,73,7,no
SNI,Site 4,Daytona Beach,High,DBH,4,1/21/24,11:45,13:00,Not control,DBH9,Y62,9,Y,Intact,None,Absent,Y,1,Tissue missing,No,Yes,0.167681753,1.167681753,1/21/24,0.79,11:45,13:05,0,0,yes,1/19/24,13:50,NA,1,71,0,no
SNI,Site 4,Daytona Beach,High,DBH,4,1/21/24,11:45,13:00,Not control,DBH11,Y14,11,Y,Intact,Chipped,Absent,Y,1,Tissue missing,No,Yes,0.167681753,1.167681753,1/21/24,0.79,11:45,13:05,0,0,yes,1/19/24,13:50,NA,0,53,20,no
SNI,Site 4,Daytona Beach,Low,DBL,4,1/21/24,13:01,13:50,Not control,DBL1,Y82,1,Y,Intact,None,Intact,N,0,Not predated,No,No,0.070030448,1.070030448,1/21/24,0.79,13:13,14:17,0,0,no,1/21/24,NA,NA,1,33,70,no
SNI,Site 4,Daytona Beach,Low,DBL,4,1/21/24,13:01,13:50,Not control,DBL2,Y26,2,Y,Intact,Chipped,Intact,N,0,Not predated,No,No,0.070030448,1.070030448,1/21/24,0.79,13:13,14:17,1,1.265822785,no,1/21/24,NA,NA,0,27,0,no
SNI,Site 4,Daytona Beach,Low,DBL,4,1/21/24,13:01,13:50,Not control,DBL3,Y72,3,Y,Intact,Chipped,Intact,N,0,Not predated,No,No,0.070030448,1.070030448,1/21/24,0.79,13:13,14:17,0,0,no,1/21/24,NA,NA,1,26,5,no
SNI,Site 4,Daytona Beach,Low,DBL,4,1/21/24,13:01,13:50,Not control,DBL4,Y67,4,Y,Intact,None,Intact,N,0,Not predated,No,No,0.070030448,1.070030448,1/21/24,0.79,13:13,14:17,0,0,no,1/21/24,NA,NA,1,25,1,no
SNI,Site 4,Daytona Beach,Low,DBL,4,1/21/24,13:01,13:50,Not control,DBL7,Y29,7,Y,Intact,None,Intact,N,0,Not predated,No,No,0.070030448,1.070030448,1/21/24,0.79,13:13,14:17,0,0,no,1/21/24,NA,NA,1,17,15,no
SNI,Site 4,Daytona Beach,Low,DBL,4,1/21/24,13:01,13:50,Not control,DBL9,Y55,9,Y,Intact,None,Intact,N,0,Not predated,No,No,0.070030448,1.070030448,1/21/24,0.79,13:13,14:17,0,0,no,1/21/24,NA,NA,1,32,90,no
SNI,Site 4,Daytona Beach,Low,DBL,4,1/21/24,13:01,13:50,Not control,DBL10,Y13,10,Y,Intact,None,Intact,N,0,Not predated,No,No,0.070030448,1.070030448,1/21/24,0.79,13:13,14:17,0,0,no,1/21/24,NA,NA,1,39,60,no
SNI,Site 4,Daytona Beach,Low,DBL,4,1/21/24,13:01,13:50,Not control,DBL11,Y34,11,Y,Intact,None,Intact,N,0,Not predated,No,No,0.070030448,1.070030448,1/21/24,0.79,13:13,14:17,0,0,no,1/21/24,NA,NA,1,12,0,no
SNI,Site 4,Daytona Beach,Low,DBL,4,1/21/24,13:01,13:50,Not control,DBL12,Y21,12,Y,Intact,None,Intact,N,0,Not predated,No,No,0.070030448,1.070030448,1/21/24,0.79,13:13,14:17,1,1.265822785,no,1/21/24,NA,NA,1,23,30,no
SNI,Site 4,Daytona Beach,Low,DBL,4,1/21/24,13:01,13:50,Not control,DBL14,Y16,14,Y,Intact,Chipped,Intact,N,0,Not predated,No,No,0.070030448,1.070030448,1/21/24,0.79,13:13,14:17,0,0,no,1/21/24,NA,NA,1,24,95,no
SNI,Site 4,Daytona Beach,Low,DBL,4,1/21/24,13:01,13:50,Not control,DBL16,Y74,16,Y,Intact,None,Intact,N,0,Not predated,No,No,0.070030448,1.070030448,1/21/24,0.79,13:13,14:17,8,10.12658228,no,1/21/24,NA,NA,0,43,20,no
SNI,Site 4,Daytona Beach,Low,DBL,4,1/21/24,13:01,13:50,Not control,DBL19,Y23,19,Y,Intact,None,Intact,N,0,Not predated,No,No,0.070030448,1.070030448,1/21/24,0.79,13:13,14:17,0,0,no,1/21/24,NA,NA,1,22,80,no
SNI,Site 4,Daytona Beach,Low,DBL,4,1/21/24,13:01,13:50,Not control,DBL20,Y41,20,Y,Intact,Chipped,Intact,N,0,Not predated,No,No,0.070030448,1.070030448,1/21/24,0.79,13:13,14:17,1,1.265822785,no,1/21/24,NA,NA,0,33,70,no
SNI,Site 4,Daytona Beach,Low,DBL,4,1/21/24,13:01,13:50,Not control,DBL13,NA,13,N,Absent,NA,NA,Y,1,Shell missing,No,No,0.070030448,1.070030448,1/21/24,0.79,13:13,14:17,0,0,yes,1/21/24,NA,NA,0,26,40,yes
SNI,Site 4,Daytona Beach,Low,DBL,4,1/21/24,13:01,13:50,Not control,DBL17,NA,17,N,Absent,NA,NA,Y,1,Shell missing,No,No,0.070030448,1.070030448,1/21/24,0.79,13:13,14:17,0,0,no,1/21/24,NA,NA,0,36,50,no
SNI,Site 4,Daytona Beach,Low,DBL,4,1/21/24,13:01,13:50,Not control,DBL5,Y78,5,Y,Intact,Chipped,Absent,Y,1,Tissue missing,No,Yes,0.070030448,1.070030448,1/21/24,0.79,13:13,14:17,1,1.265822785,yes,1/21/24,NA,NA,0,7,1,yes
SNI,Site 4,Daytona Beach,Low,DBL,4,1/21/24,13:01,13:50,Not control,DBL6,Y28,6,Y,Intact,None,Absent,Y,1,Tissue missing,No,Yes,0.070030448,1.070030448,1/21/24,0.79,13:13,14:17,0,0,yes,1/21/24,NA,NA,0,36,10,yes
SNI,Site 4,Daytona Beach,Low,DBL,4,1/21/24,13:01,13:50,Not control,DBL8,Y40,8,Y,Intact,Chipped,Absent,Y,1,Tissue missing,No,No,0.070030448,1.070030448,1/21/24,0.79,13:13,14:17,0,0,no,1/21/24,NA,NA,0,24,10,no
SNI,Site 4,Daytona Beach,Low,DBL,4,1/21/24,13:01,13:50,Not control,DBL15,Y57,15,Y,Intact,Chipped,Absent,Y,1,Tissue missing,No,No,0.070030448,1.070030448,1/21/24,0.79,13:13,14:17,0,0,no,1/21/24,NA,NA,1,42,85,no
SNI,Site 4,Daytona Beach,Low,DBL,4,1/21/24,13:01,13:50,Not control,DBL18,Y20,18,Y,Intact,Chipped,Absent,Y,1,Tissue missing,No,No,0.070030448,1.070030448,1/21/24,0.79,13:13,14:17,0,0,no,1/21/24,NA,NA,1,15,10,no
SNI,Site 4,Daytona Beach,High,DBH,4,1/21/24,11:45,13:00,Control,DBHC1,G43,1C,Y,Intact,None,Intact,N,0,Not predated,?,Yes,0.167681753,,NA,0.79,11:45,13:05,NA,NA,,,NA,NA,NA,NA,NA,
SNI,Site 4,Daytona Beach,High,DBH,4,1/21/24,11:45,13:00,Control,DBHC2,G18,2C,Y,Intact,None,Intact,N,0,Not predated,No,,0.167681753,,NA,0.79,11:45,13:05,NA,NA,,,NA,NA,NA,NA,NA,
SNI,Site 4,Daytona Beach,High,DBH,4,1/21/24,11:45,13:00,Control,DBHC3,G22,3C,Y,Intact,NA,Absent,N,0,Not predated,?,,0.167681753,,NA,0.79,11:45,13:05,NA,NA,,,NA,NA,NA,NA,NA,
SNI,Site 4,Daytona Beach,High,DBH,4,1/21/24,11:45,13:00,Control,DBHC4,G33,4C,Y,Intact,Chipped,Partial,N,0,Not predated,No,,0.167681753,,NA,0.79,11:45,13:05,NA,NA,,,NA,NA,NA,NA,NA,
SNI,Site 4,Daytona Beach,High,DBH,4,1/21/24,11:45,13:00,Control,DBHC5,G24,5C,Y,Intact,None,Intact,N,0,Not predated,No,,0.167681753,,NA,0.79,11:45,13:05,NA,NA,,,NA,NA,NA,NA,NA,
SNI,Site 4,Daytona Beach,Low,DBL,4,1/21/24,13:01,13:50,Control,DBLC1,30,1C,Y,Intact,None,Intact,N,0,Not predated,No,,0.070030448,,NA,0.79,13:13,14:17,NA,NA,,,NA,NA,NA,NA,NA,
SNI,Site 4,Daytona Beach,Low,DBL,4,1/21/24,13:01,13:50,Control,DBLC2,G32,2C,Y,Intact,None,Intact,N,0,Not predated,No,,0.070030448,,NA,0.79,13:13,14:17,NA,NA,,,NA,NA,NA,NA,NA,
SNI,Site 4,Daytona Beach,Low,DBL,4,1/21/24,13:01,13:50,Control,DBLC3,G12,3C,Y,Intact,None,Intact,N,0,Not predated,No,,0.070030448,,NA,0.79,13:13,14:17,NA,NA,,,NA,NA,NA,NA,NA,
SNI,Site 4,Daytona Beach,Low,DBL,4,1/21/24,13:01,13:50,Control,DBLC4,G19,4C,Y,Intact,None,Intact,N,0,Not predated,No,,0.070030448,,NA,0.79,13:13,14:17,NA,NA,,,NA,NA,NA,NA,NA,
SNI,Site 4,Daytona Beach,Low,DBL,4,1/21/24,13:01,13:50,Control,DBLC5,G2,5C,Y,Intact,None,Intact,N,0,Not predated,?,,0.070030448,,NA,0.79,13:13,14:17,NA,NA,,,NA,NA,NA,NA,NA,
SCI,Site 1,Eel loop,High,LEH,2,11/11/23,12:00,14:46,Not control,LEH14,52,14,Y,Intact,Chipped,Intact,N,0,Not predated,No,No,0.189555126,1.189555126,11/11/23,0.79,12:00,14:20,1,1.265822785,no,11/13/23,NA,NA,0,71,7,no
SCI,Site 1,Eel loop,High,LEH,2,11/11/23,12:00,14:46,Not control,LEH15,81,15,Y,Intact,None,Intact,N,0,Not predated,No,No,0.189555126,1.189555126,11/11/23,0.79,12:00,14:20,1,1.265822785,no,11/13/23,NA,NA,1,66,3,no
SCI,Site 1,Eel loop,High,LEH,2,11/11/23,12:00,14:46,Not control,LEH3,NA,3,N,Absent,NA,NA,Y,1,Shell missing,No,No,0.189555126,1.189555126,11/11/23,0.79,12:00,14:20,4,5.063291139,no,11/13/23,NA,NA,1,82,10,no
SCI,Site 1,Eel loop,High,LEH,2,11/11/23,12:00,14:46,Not control,LEH10,NA,10,N,Absent,NA,NA,Y,1,Shell missing,No,No,0.189555126,1.189555126,11/11/23,0.79,12:00,14:20,2,2.53164557,no,11/13/23,NA,NA,1,41,30,no
SCI,Site 1,Eel loop,High,LEH,2,11/11/23,12:00,14:46,Not control,LEH13,NA,13,N,Absent,NA,NA,Y,1,Shell missing,No,No,0.189555126,1.189555126,11/11/23,0.79,12:00,14:20,5,6.329113924,no,11/13/23,NA,NA,1,38,20,no
SCI,Site 1,Eel loop,High,LEH,2,11/11/23,12:00,14:46,Not control,LEH20,NA,20,N,Absent,NA,NA,Y,1,Shell missing,No,Yes,0.189555126,1.189555126,11/11/23,0.79,12:00,14:20,2,2.53164557,no,11/13/23,NA,NA,1,77,7,no
SCI,Site 1,Eel loop,High,LEH,2,11/11/23,12:00,14:46,Not control,LEH4,43,4,Y,Intact,Chipped,Absent,Y,1,Tissue missing,No,No,0.189555126,1.189555126,11/11/23,0.79,12:00,14:20,3,3.797468354,no,11/13/23,NA,NA,1,72,15,no
SCI,Site 1,Eel loop,High,LEH,2,11/11/23,12:00,14:46,Not control,LEH5,20,5,Y,Intact,Chipped,Absent,Y,1,Tissue missing,No,Yes,0.189555126,1.189555126,11/11/23,0.79,12:00,14:20,5,6.329113924,no,11/13/23,NA,NA,1,62,5,no
SCI,Site 1,Eel loop,High,LEH,2,11/11/23,12:00,14:46,Not control,LEH6,21,6,Y,Intact,Chipped,Absent,Y,1,Tissue missing,No,Yes,0.189555126,1.189555126,11/11/23,0.79,12:00,14:20,2,2.53164557,no,11/13/23,NA,NA,1,52,5,no
SCI,Site 1,Eel loop,High,LEH,2,11/11/23,12:00,14:46,Not control,LEH7,63,7,Y,Intact,Chipped,Absent,Y,1,Tissue missing,No,No,0.189555126,1.189555126,11/11/23,0.79,12:00,14:20,5,6.329113924,no,11/13/23,NA,NA,1,70,20,no
SCI,Site 1,Eel loop,High,LEH,2,11/11/23,12:00,14:46,Not control,LEH8,83,8,Y,Intact,None,Absent,Y,1,Tissue missing,No,No,0.189555126,1.189555126,11/11/23,0.79,12:00,14:20,3,3.797468354,no,11/13/23,NA,NA,1,46,10,no
SCI,Site 1,Eel loop,High,LEH,2,11/11/23,12:00,14:46,Not control,LEH9,68,9,Y,Intact,None,Absent,Y,1,Tissue missing,No,No,0.189555126,1.189555126,11/11/23,0.79,12:00,14:20,3,3.797468354,no,11/13/23,NA,NA,1,49,3,no
SCI,Site 1,Eel loop,High,LEH,2,11/11/23,12:00,14:46,Not control,LEH11,28,11,Y,Intact,Chipped,Absent,Y,1,Tissue missing,No,Yes,0.189555126,1.189555126,11/11/23,0.79,12:00,14:20,1,1.265822785,no,11/13/23,NA,NA,1,85,15,no
SCI,Site 1,Eel loop,High,LEH,2,11/11/23,12:00,14:46,Not control,LEH12,50,12,Y,Intact,Chipped,Absent,Y,1,Tissue missing,No,No,0.189555126,1.189555126,11/11/23,0.79,12:00,14:20,1,1.265822785,no,11/13/23,NA,NA,1,60,20,no
SCI,Site 1,Eel loop,High,LEH,2,11/11/23,12:00,14:46,Not control,LEH16,91,16,Y,Intact,Chipped,Absent,Y,1,Tissue missing,No,No,0.189555126,1.189555126,11/11/23,0.79,12:00,14:20,3,3.797468354,no,11/13/23,NA,NA,1,70,15,no
SCI,Site 1,Eel loop,High,LEH,2,11/11/23,12:00,14:46,Not control,LEH17,90,17,Y,Intact,Chipped,Absent,Y,1,Tissue missing,No,No,0.189555126,1.189555126,11/11/23,0.79,12:00,14:20,1,1.265822785,no,11/13/23,NA,NA,0,53,40,no
SCI,Site 1,Eel loop,High,LEH,2,11/11/23,12:00,14:46,Not control,LEH19,88,19,Y,Intact,None,Absent,Y,1,Tissue missing,No,No,0.189555126,1.189555126,11/11/23,0.79,12:00,14:20,1,1.265822785,no,11/13/23,NA,NA,1,5,10,no
SCI,Site 1,Eel loop,High,LEH,2,11/11/23,12:00,14:46,Not control,LEH1,100,1,Y,Partial,Chipped,Absent,Y,1,Tissue missing + shell damage,No,No,0.189555126,1.189555126,11/11/23,0.79,12:00,14:20,2,2.53164557,no,11/13/23,NA,NA,1,17,1,no
SCI,Site 1,Eel loop,High,LEH,2,11/11/23,12:00,14:46,Not control,LEH2,NA,2,Y,Partial,Crushed,Absent,Y,1,Tissue missing + shell damage,No,Yes,0.189555126,1.189555126,11/11/23,0.79,12:00,14:20,2,2.53164557,no,11/13/23,NA,NA,1,83,10,no
SCI,Site 1,Eel loop,High,LEH,2,11/11/23,12:00,14:46,Not control,LEH18,59,18,Y,Intact,Chipped,Absent,Y,1,Tissue missing + shell damage,No,No,0.189555126,1.189555126,11/11/23,0.79,12:00,14:20,0,0,no,11/13/23,NA,NA,1,50,7,no
SCI,Site 1,Eel loop,Low,LEL,2,11/11/23,12:31,13:45,Not control,LEL1,NA,1,N,Absent,NA,NA,Y,1,Shell missing,No,No,0.275272162,1.275272162,11/11/23,0.79,12:35,13:55,3,3.797468354,no,11/13/23,NA,NA,1,65,15,no
SCI,Site 1,Eel loop,Low,LEL,2,11/11/23,12:31,13:45,Not control,LEL2,NA,2,N,Absent,NA,NA,Y,1,Shell missing,No,No,0.275272162,1.275272162,11/11/23,0.79,12:35,13:55,3,3.797468354,no,11/13/23,NA,NA,1,47,10,no
SCI,Site 1,Eel loop,Low,LEL,2,11/11/23,12:31,13:45,Not control,LEL3,NA,3,Y,Absent,NA,NA,Y,1,Shell missing,No,No,0.275272162,1.275272162,11/11/23,0.79,12:35,13:55,3,3.797468354,no,11/13/23,NA,NA,1,72,15,no
SCI,Site 1,Eel loop,Low,LEL,2,11/11/23,12:31,13:45,Not control,LEL8,NA,8,N,Absent,NA,NA,Y,1,Shell missing,No,No,0.275272162,1.275272162,11/11/23,0.79,12:35,13:55,2,2.53164557,no,11/13/23,NA,NA,0,69,2,no
SCI,Site 1,Eel loop,Low,LEL,2,11/11/23,12:31,13:45,Not control,LEL9,NA,9,Y,Absent,NA,NA,Y,1,Shell missing,No,No,0.275272162,1.275272162,11/11/23,0.79,12:35,13:55,3,3.797468354,no,11/13/23,NA,NA,1,88,2,no
SCI,Site 1,Eel loop,Low,LEL,2,11/11/23,12:31,13:45,Not control,LEL10,NA,10,N,Absent,NA,NA,Y,1,Shell missing,No,No,0.275272162,1.275272162,11/11/23,0.79,12:35,13:55,5,6.329113924,no,11/13/23,NA,NA,1,52,3,no
SCI,Site 1,Eel loop,Low,LEL,2,11/11/23,12:31,13:45,Not control,LEL13,NA,13,N,Absent,NA,NA,Y,1,Shell missing,No,No,0.275272162,1.275272162,11/11/23,0.79,12:35,13:55,2,2.53164557,no,11/13/23,NA,NA,1,83,15,no
SCI,Site 1,Eel loop,Low,LEL,2,11/11/23,12:31,13:45,Not control,LEL14,NA,14,Y,Absent,NA,NA,Y,1,Shell missing,No,No,0.275272162,1.275272162,11/11/23,0.79,12:35,13:55,4,5.063291139,no,11/13/23,NA,NA,1,51,15,no
SCI,Site 1,Eel loop,Low,LEL,2,11/11/23,12:31,13:45,Not control,LEL15,NA,15,Y,Absent,NA,NA,Y,1,Shell missing,No,No,0.275272162,1.275272162,11/11/23,0.79,12:35,13:55,4,5.063291139,no,11/13/23,NA,NA,1,74,5,no
SCI,Site 1,Eel loop,Low,LEL,2,11/11/23,12:31,13:45,Not control,LEL16,NA,16,N,Absent,NA,NA,Y,1,Shell missing,No,No,0.275272162,1.275272162,11/11/23,0.79,12:35,13:55,4,5.063291139,no,11/13/23,NA,NA,1,59,5,no
SCI,Site 1,Eel loop,Low,LEL,2,11/11/23,12:31,13:45,Not control,LEL17,NA,17,Y,Absent,NA,NA,Y,1,Shell missing,No,No,0.275272162,1.275272162,11/11/23,0.79,12:35,13:55,4,5.063291139,no,11/13/23,NA,NA,1,62,2,no
SCI,Site 1,Eel loop,Low,LEL,2,11/11/23,12:31,13:45,Not control,LEL7,NA,7,NA,Absent,NA,NA,Exclude,Exclude,Exclude,Yes,Yes,0.275272162,1.275272162,11/11/23,0.79,12:35,13:55,1,1.265822785,no,11/13/23,NA,NA,0,72,80,no
SCI,Site 1,Eel loop,Low,LEL,2,11/11/23,12:31,13:45,Not control,LEL4,1,4,Y,Intact,None,Absent,Y,1,Tissue missing,No,No,0.275272162,1.275272162,11/11/23,0.79,12:35,13:55,2,2.53164557,no,11/13/23,NA,NA,1,83,10,no
SCI,Site 1,Eel loop,Low,LEL,2,11/11/23,12:31,13:45,Not control,LEL20,NA,20,Y,Intact,Chipped,Absent,Y,1,Tissue missing,No,No,0.275272162,1.275272162,11/11/23,0.79,12:35,13:55,5,6.329113924,no,11/13/23,NA,NA,1,50,50,no
SCI,Site 1,Eel loop,Low,LEL,2,11/11/23,12:31,13:45,Not control,LEL5,NA,5,Y,Partial,Crushed,Absent,Y,1,Tissue missing + shell damage,No,No,0.275272162,1.275272162,11/11/23,0.79,12:35,13:55,4,5.063291139,no,11/13/23,NA,NA,1,71,30,no
SCI,Site 1,Eel loop,Low,LEL,2,11/11/23,12:31,13:45,Not control,LEL6,66,6,Y,Partial,Crushed,Absent,Y,1,Tissue missing + shell damage,No,No,0.275272162,1.275272162,11/11/23,0.79,12:35,13:55,2,2.53164557,no,11/13/23,NA,NA,1,90,50,no
SCI,Site 1,Eel loop,Low,LEL,2,11/11/23,12:31,13:45,Not control,LEL11,36,11,Y,Intact,Chipped,Absent,Y,1,Tissue missing + shell damage,No,No,0.275272162,1.275272162,11/11/23,0.79,12:35,13:55,1,1.265822785,no,11/13/23,NA,NA,1,87,10,no
SCI,Site 1,Eel loop,Low,LEL,2,11/11/23,12:31,13:45,Not control,LEL12,NA,12,N,Partial,Crushed,Absent,Y,1,Tissue missing + shell damage,No,No,0.275272162,1.275272162,11/11/23,0.79,12:35,13:55,4,5.063291139,no,11/13/23,NA,NA,1,67,30,no
SCI,Site 1,Eel loop,Low,LEL,2,11/11/23,12:31,13:45,Not control,LEL18,69,18,Y,Intact,Chipped,Absent,Y,1,Tissue missing + shell damage,No,No,0.275272162,1.275272162,11/11/23,0.79,12:35,13:55,3,3.797468354,no,11/13/23,NA,NA,1,67,7,no
SCI,Site 1,Eel loop,Low,LEL,2,11/11/23,12:31,13:45,Not control,LEL19,NA,19,Y,Partial,Crushed,Absent,Y,1,Tissue missing + shell damage,No,No,0.275272162,1.275272162,11/11/23,0.79,12:35,13:55,2,2.53164557,no,11/13/23,NA,NA,1,32,5,no
SCI,Site 1,Eel loop,High,LEH,2,11/11/23,12:00,14:46,Control,LEHC1,NA,1C,Y,Intact,Chipped,Intact,N,0,Not predated,?,,0.189555126,1.189555126,NA,0.79,12:00,14:20,NA,NA,NA,NA,NA,NA,NA,89,NA,
SCI,Site 1,Eel loop,High,LEH,2,11/11/23,12:00,14:46,Control,LEHC2,85,2C,Y,Intact,Chipped,Intact,N,0,Not predated,?,Yes,0.189555126,1.189555126,NA,0.79,12:00,14:20,NA,NA,NA,NA,NA,NA,NA,50,NA,
SCI,Site 1,Eel loop,High,LEH,2,11/11/23,12:00,14:46,Control,LEHC3,62,3C,Y,Intact,Chipped,Partial,Y,1,Tissue missing,?,Yes,0.189555126,1.189555126,NA,0.79,12:00,14:20,NA,NA,NA,NA,NA,NA,NA,50,NA,
SCI,Site 1,Eel loop,High,LEH,2,11/11/23,12:00,14:46,Control,LEHC4,72,4C,Y,Intact,Chipped,Absent,Y,1,Tissue missing,?,Yes,0.189555126,1.189555126,NA,0.79,12:00,14:20,NA,NA,NA,NA,NA,NA,NA,72,NA,
SCI,Site 1,Eel loop,High,LEH,2,11/11/23,12:00,14:46,Control,LEHC5,NA,5C,Y,Intact,Chipped,Partial,Y,1,Tissue missing,?,Yes,0.189555126,1.189555126,NA,0.79,12:00,14:20,NA,NA,NA,NA,NA,NA,NA,48,NA,
SCI,Site 1,Eel loop,Low,LEL,2,11/11/23,12:31,13:45,Control,LELC1,73,1C,Y,Intact,Chipped,Intact,N,0,Not predated,?,,0.275272162,1.275272162,NA,0.79,12:35,13:55,NA,NA,NA,NA,NA,NA,NA,13,NA,
SCI,Site 1,Eel loop,Low,LEL,2,11/11/23,12:31,13:45,Control,LELC4,64,4C,Y,Intact,Chipped,Intact,N,0,Not predated,?,Yes,0.275272162,1.275272162,NA,0.79,12:35,13:55,NA,NA,NA,NA,NA,NA,NA,20,NA,
SCI,Site 1,Eel loop,Low,LEL,2,11/11/23,12:31,13:45,Control,LELC3,NA,3C,N,Absent,NA,NA,Y,1,Shell missing,?,Yes,0.275272162,1.275272162,NA,0.79,12:35,13:55,NA,NA,NA,NA,NA,NA,NA,27,NA,
SCI,Site 1,Eel loop,Low,LEL,2,11/11/23,12:31,13:45,Control,LELC5,NA,5C,N,Absent,NA,NA,Y,1,Shell missing,?,Yes,0.275272162,1.275272162,NA,0.79,12:35,13:55,NA,NA,NA,NA,NA,NA,NA,7,NA,
SCI,Site 1,Eel loop,Low,LEL,2,11/11/23,12:31,13:45,Control,LELC2,12,2C,Y,Intact,Chipped,Partial,Y,1,Tissue missing,?,Yes,0.275272162,1.275272162,NA,0.79,12:35,13:55,NA,NA,NA,NA,NA,NA,NA,13,NA,
SNI,Site 2,Redeye,High,REH,1,10/29/23,14:45,,Not control,REH3,none,3,Y,Intact,Chipped,Intact,N,0,Not predated,No,Yes,0.143799138,1.143799138,10/29/23,0.79,14:45,17:15,0,0,no,10/30/23,NA,NA,0,57,5,no
SNI,Site 2,Redeye,High,REH,1,10/29/23,14:45,,Not control,REH4,none,4,Y,Intact,None,Intact,N,0,Not predated,No,No,0.143799138,1.143799138,10/29/23,0.79,14:45,17:15,0,0,no,10/30/23,NA,NA,0,59,15,no
SNI,Site 2,Redeye,High,REH,1,10/29/23,14:45,,Not control,REH6,none,6,Y,Intact,drill?,Intact,N,0,Not predated,No,Yes,0.143799138,1.143799138,10/29/23,0.79,14:45,17:15,1,1.265822785,no,10/30/23,NA,NA,1,61,2,no
SNI,Site 2,Redeye,High,REH,1,10/29/23,14:45,,Not control,REH7,none,7,Y,Intact,Chipped,Intact,N,0,Not predated,No,No,0.143799138,1.143799138,10/29/23,0.79,14:45,17:15,0,0,no,10/30/23,NA,NA,0,84,7,no
SNI,Site 2,Redeye,High,REH,1,10/29/23,14:45,,Not control,REH8,none,8,Y,Intact,Chipped,Intact,N,0,Not predated,No,No,0.143799138,1.143799138,10/29/23,0.79,14:45,17:15,0,0,no,10/30/23,NA,NA,0,55,15,no
SNI,Site 2,Redeye,High,REH,1,10/29/23,14:45,,Not control,REH9,none,9,Y,Intact,Chipped,Intact,N,0,Not predated,No,No,0.143799138,1.143799138,10/29/23,0.79,14:45,17:15,0,0,no,10/30/23,NA,NA,1,21,10,no
SNI,Site 2,Redeye,High,REH,1,10/29/23,14:45,,Not control,REH11,none,11,Y,Intact,Chipped,Intact,N,0,Not predated,No,Yes,0.143799138,1.143799138,10/29/23,0.79,14:45,17:15,0,0,no,10/30/23,NA,NA,1,54,1,no
SNI,Site 2,Redeye,High,REH,1,10/29/23,14:45,,Not control,REH12,none,12,Y,Intact,None,Intact,N,0,Not predated,No,No,0.143799138,1.143799138,10/29/23,0.79,14:45,17:15,0,0,no,10/30/23,NA,NA,1,54,3,no
SNI,Site 2,Redeye,High,REH,1,10/29/23,14:45,,Not control,REH13,none,13,Y,Intact,Chipped,Intact,N,0,Not predated,No,Yes,0.143799138,1.143799138,10/29/23,0.79,14:45,17:15,0,0,no,10/30/23,NA,NA,0,27,10,no
SNI,Site 2,Redeye,High,REH,1,10/29/23,14:45,,Not control,REH14,none,14,Y,Intact,None,Intact,N,0,Not predated,No,No,0.143799138,1.143799138,10/29/23,0.79,14:45,17:15,0,0,no,10/30/23,NA,NA,1,35,7,no
SNI,Site 2,Redeye,High,REH,1,10/29/23,14:45,,Not control,REH15,none,15,Y,Intact,None,Intact,N,0,Not predated,No,No,0.143799138,1.143799138,10/29/23,0.79,14:45,17:15,0,0,no,10/30/23,NA,NA,0,25,60,no
SNI,Site 2,Redeye,High,REH,1,10/29/23,14:45,,Not control,REH17,none,17,Y,Intact,Partial drill hole,Intact,N,0,Not predated,No,No,0.143799138,1.143799138,10/29/23,0.79,14:45,17:15,0,0,no,10/30/23,NA,NA,1,50,3,no
SNI,Site 2,Redeye,High,REH,1,10/29/23,14:45,,Not control,REH19,none,19,Y,Intact,None,Intact,N,0,Not predated,No,No,0.143799138,1.143799138,10/29/23,0.79,14:45,17:15,0,0,no,10/30/23,NA,NA,0,6,10,no
SNI,Site 2,Redeye,High,REH,1,10/29/23,14:45,,Not control,REH20,none,20,Y,Intact,Chipped,Intact,N,0,Not predated,No,No,0.143799138,1.143799138,10/29/23,0.79,14:45,17:15,1,1.265822785,no,10/30/23,NA,NA,1,55,25,no
SNI,Site 2,Redeye,High,REH,1,10/29/23,14:45,,Not control,REH21,none,21,Y,Intact,None,Intact,N,0,Not predated,No,No,0.143799138,1.143799138,10/29/23,0.79,14:45,17:15,NA,NA,yes,10/30/23,NA,NA,NA,NA,NA,yes
SNI,Site 2,Redeye,High,REH,1,10/29/23,14:45,,Not control,REH5,none,5,NA,Absent,NA,NA,Exclude,Exclude,Exclude,Yes,Yes,0.143799138,1.143799138,10/29/23,0.79,14:45,17:15,0,0,no,10/30/23,NA,NA,0,50,10,no
SNI,Site 2,Redeye,High,REH,1,10/29/23,14:45,,Not control,REH2,none,2,Y,Intact,None,Partial,Y,1,Tissue missing,No,No,0.143799138,1.143799138,10/29/23,0.79,14:45,17:15,0,0,no,10/30/23,NA,NA,1,50,0,no
SNI,Site 2,Redeye,High,REH,1,10/29/23,14:45,,Not control,REH10,none,10,Y,Absent,NA,NA,Y,1,Shell missing,No,No,0.143799138,1.143799138,10/29/23,0.79,14:45,17:15,0,0,no,10/30/23,NA,NA,0,71,3,no
SNI,Site 2,Redeye,High,REH,1,10/29/23,14:45,,Not control,REH18,none,18,N,Absent,NA,NA,Y,1,Shell missing,No,No,0.143799138,1.143799138,10/29/23,0.79,14:45,17:15,0,0,no,10/30/23,NA,NA,0,52,0,no
SNI,Site 2,Redeye,High,REH,1,10/29/23,14:45,,Not control,REH1,none,1,Y,Intact,None,Absent,Y,1,Tissue missing,No,No,0.143799138,1.143799138,10/29/23,0.79,14:45,17:15,0,0,no,10/30/23,NA,NA,1,37,1,no
SNI,Site 2,Redeye,High,REH,1,10/29/23,14:45,,Not control,REH16,none,16,Y,Intact,None,Absent,Y,1,Tissue missing,No,No,0.143799138,1.143799138,10/29/23,0.79,14:45,17:15,0,0,no,10/30/23,NA,NA,1,31,7,no
SNI,Site 2,Redeye,Low,REL,1,10/29/23,15:08,,Not control,REL1,none,1,Y,Intact,None,Intact,N,0,Not predated,No,No,0.116490166,1.116490166,10/29/23,0.79,15:08,NA,2,2.53164557,no,10/30/23,NA,NA,1,8,20,no
SNI,Site 2,Redeye,Low,REL,1,10/29/23,15:08,,Not control,REL3,none,3,Y,Intact,Chipped,Intact,N,0,Not predated,No,Yes,0.116490166,1.116490166,10/29/23,0.79,15:08,NA,0,0,no,10/30/23,NA,NA,1,71,23,no
SNI,Site 2,Redeye,Low,REL,1,10/29/23,15:08,,Not control,REL4,none,4,Y,Intact,None,Intact,N,0,Not predated,No,No,0.116490166,1.116490166,10/29/23,0.79,15:08,NA,0,0,no,10/30/23,NA,NA,1,53,40,no
SNI,Site 2,Redeye,Low,REL,1,10/29/23,15:08,,Not control,REL5,none,5,Y,Intact,Chipped,Intact,N,0,Not predated,No,Yes,0.116490166,1.116490166,10/29/23,0.79,15:08,NA,1,1.265822785,no,10/30/23,NA,NA,1,19,30,no
SNI,Site 2,Redeye,Low,REL,1,10/29/23,15:08,,Not control,REL6,none,6,Y,Intact,Chipped,Intact,N,0,Not predated,No,No,0.116490166,1.116490166,10/29/23,0.79,15:08,NA,0,0,no,10/30/23,NA,NA,1,6,15,no
SNI,Site 2,Redeye,Low,REL,1,10/29/23,15:08,,Not control,REL9,none,9,Y,Intact,Chipped,Intact,N,0,Not predated,No,No,0.116490166,1.116490166,10/29/23,0.79,15:08,NA,0,0,no,10/30/23,NA,NA,1,15,10,no
SNI,Site 2,Redeye,Low,REL,1,10/29/23,15:08,,Not control,REL10,none,10,Y,Intact,Chipped,Intact,N,0,Not predated,No,No,0.116490166,1.116490166,10/29/23,0.79,15:08,NA,3,3.797468354,no,10/30/23,NA,NA,1,21,5,no
SNI,Site 2,Redeye,Low,REL,1,10/29/23,15:08,,Not control,REL11,none,11,Y,Intact,None,Intact,N,0,Not predated,No,No,0.116490166,1.116490166,10/29/23,0.79,15:08,NA,2,2.53164557,no,10/30/23,NA,NA,1,8,7,no
SNI,Site 2,Redeye,Low,REL,1,10/29/23,15:08,,Not control,REL13,none,13,Y,Intact,Chipped,Intact,N,0,Not predated,No,No,0.116490166,1.116490166,10/29/23,0.79,15:08,NA,2,2.53164557,no,10/30/23,NA,NA,1,78,23,no
SNI,Site 2,Redeye,Low,REL,1,10/29/23,15:08,,Not control,REL14,none,14,Y,Intact,None,Intact,N,0,Not predated,No,No,0.116490166,1.116490166,10/29/23,0.79,15:08,NA,0,0,no,10/30/23,NA,NA,1,5,10,no
SNI,Site 2,Redeye,Low,REL,1,10/29/23,15:08,,Not control,REL15,none,15,Y,Intact,Chipped,Intact,N,0,Not predated,No,No,0.116490166,1.116490166,10/29/23,0.79,15:08,NA,0,0,no,10/30/23,NA,NA,1,9,40,no
SNI,Site 2,Redeye,Low,REL,1,10/29/23,15:08,,Not control,REL16,none,16,Y,Intact,None,Intact,N,0,Not predated,No,Yes,0.116490166,1.116490166,10/29/23,0.79,15:08,NA,1,1.265822785,no,10/30/23,NA,NA,1,57,40,no
SNI,Site 2,Redeye,Low,REL,1,10/29/23,15:08,,Not control,REL17,none,17,Y,Intact,None,Intact,N,0,Not predated,No,No,0.116490166,1.116490166,10/29/23,0.79,15:08,NA,0,0,no,10/30/23,NA,NA,1,24,15,no
SNI,Site 2,Redeye,Low,REL,1,10/29/23,15:08,,Not control,REL18,none,18,Y,Intact,None,Intact,N,0,Not predated,No,No,0.116490166,1.116490166,10/29/23,0.79,15:08,NA,0,0,no,10/30/23,NA,NA,1,15,20,no
SNI,Site 2,Redeye,Low,REL,1,10/29/23,15:08,,Not control,REL7,none,7,NA,Absent,NA,NA,Exclude,Exclude,Exclude,Yes,Yes,0.116490166,1.116490166,10/29/23,0.79,15:08,NA,0,0,no,10/30/23,NA,NA,1,55,30,no
SNI,Site 2,Redeye,Low,REL,1,10/29/23,15:08,,Not control,REL19,none,19,NA,NA,NA,NA,NA,Exclude,NA,Yes,Yes,0.116490166,1.116490166,10/29/23,0.79,15:08,NA,NA,NA,no,10/30/23,NA,NA,NA,NA,NA,yes
SNI,Site 2,Redeye,Low,REL,1,10/29/23,15:08,,Not control,REL20,none,20,NA,NA,NA,NA,NA,Exclude,NA,Yes,Yes,0.116490166,1.116490166,10/29/23,0.79,15:08,NA,NA,NA,no,10/30/23,NA,NA,NA,NA,NA,yes
SNI,Site 2,Redeye,Low,REL,1,10/29/23,15:08,,Not control,REL8,none,8,N,Absent,NA,NA,Y,1,Shell missing,No,No,0.116490166,1.116490166,10/29/23,0.79,15:08,NA,1,1.265822785,no,10/30/23,NA,NA,1,19,20,no
SNI,Site 2,Redeye,Low,REL,1,10/29/23,15:08,,Not control,REL2,none,2,Y,Intact,None,Absent,Y,1,Tissue missing,No,No,0.116490166,1.116490166,10/29/23,0.79,15:08,NA,2,2.53164557,no,10/30/23,NA,NA,1,79,20,no
SNI,Site 2,Redeye,Low,REL,1,10/29/23,15:08,,Not control,REL12,none,12,Y,Intact,Chipped,Absent,Y,1,Tissue missing,No,No,0.116490166,1.116490166,10/29/23,0.79,15:08,NA,0,0,no,10/30/23,NA,NA,0,16,50,no
SNI,Site 2,Redeye,High,REH,1,10/29/23,14:45,,Control,REHC1,none,1C,Y,Intact,Chipped,Intact,N,0,Not predated,No,,0.143799138,1.143799138,NA,0.79,14:45,17:15,NA,NA,NA,10/30/23,NA,NA,NA,NA,NA,yes
SNI,Site 2,Redeye,High,REH,1,10/29/23,14:45,,Control,REHC2,none,2C,Y,Intact,None,Intact,N,0,Not predated,No,,0.143799138,1.143799138,NA,0.79,14:45,17:15,NA,NA,NA,10/30/23,NA,NA,NA,NA,NA,yes
SNI,Site 2,Redeye,High,REH,1,10/29/23,14:45,,Control,REHC3,none,3C,Y,Intact,None,Intact,N,0,Not predated,No,,0.143799138,1.143799138,NA,0.79,14:45,17:15,NA,NA,NA,10/30/23,NA,NA,NA,NA,NA,yes
SNI,Site 2,Redeye,High,REH,1,10/29/23,14:45,,Control,REHC4,none,4C,Y,Intact,None,Intact,N,0,Not predated,No,,0.143799138,1.143799138,NA,0.79,14:45,17:15,NA,NA,NA,10/30/23,NA,NA,NA,NA,NA,yes
SNI,Site 2,Redeye,High,REH,1,10/29/23,14:45,,Control,REHC5,none,5C,Y,Intact,Chipped,Intact,N,0,Not predated,No,,0.143799138,1.143799138,NA,0.79,14:45,17:15,NA,NA,NA,10/30/23,NA,NA,NA,NA,NA,yes
SNI,Site 2,Redeye,Low,REL,1,10/29/23,15:08,,Control,RELC1,none,1C,Y,Intact,None,Intact,N,0,Not predated,No,,0.116490166,1.116490166,NA,0.79,15:08,NA,NA,NA,NA,10/30/23,NA,NA,NA,NA,NA,yes
SNI,Site 2,Redeye,Low,REL,1,10/29/23,15:08,,Control,RELC3,none,3C,Y,Intact,None,Intact,N,0,Not predated,No,,0.116490166,1.116490166,NA,0.79,15:08,NA,NA,NA,NA,10/30/23,NA,NA,NA,NA,NA,yes
SNI,Site 2,Redeye,Low,REL,1,10/29/23,15:08,,Control,RELC4,none,4C,Y,Intact,None,Intact,N,0,Not predated,No,,0.116490166,1.116490166,NA,0.79,15:08,NA,NA,NA,NA,10/30/23,NA,NA,NA,NA,NA,yes
SNI,Site 2,Redeye,Low,REL,1,10/29/23,15:08,,Control,RELC2,none,2C,NA,Absent,NA,NA,Y,1,Shell missing,?,Yes,0.116490166,1.116490166,NA,0.79,15:08,NA,NA,NA,NA,10/30/23,NA,NA,NA,NA,NA,yes
SNI,Site 2,Redeye,Low,REL,1,10/29/23,15:08,,Control,RELC5,none,5C,N,Absent,NA,NA,Y,1,Shell missing,?,Yes,0.116490166,1.116490166,NA,0.79,15:08,NA,NA,NA,NA,10/30/23,NA,NA,NA,NA,NA,yes
SCI,Site 2,Terrace Canyon,High,TCH,3,12/14/23,14:20,14:57,Not control,TCH16,NA,16,Y,Absent,NA,Absent,Y,1,Shell missing,No,No,0.293519326,1.293519326,12/14/23,0.79,NA,NA,1,1.265822785,no,12/17/23,16:21,NA,1,14,NA,
SCI,Site 2,Terrace Canyon,High,TCH,3,12/14/23,14:20,14:57,Not control,TCH18,NA,18,Y,Absent,NA,Absent,Y,1,Shell missing,No,No,0.293519326,1.293519326,12/14/23,0.79,NA,NA,3,3.797468354,no,12/17/23,16:21,NA,0,46,NA,
SCI,Site 2,Terrace Canyon,High,TCH,3,12/14/23,14:20,14:57,Not control,TCH14,NA,14,Y,Absent,NA,Absent,Y,1,Shell missing,No,No,0.293519326,1.293519326,12/14/23,0.79,NA,NA,5,6.329113924,no,12/17/23,16:21,NA,1,52,NA,
SCI,Site 2,Terrace Canyon,High,TCH,3,12/14/23,14:20,14:57,Not control,TCH15,Y96,15,Y,Intact,None,Intact,N,0,Not predated,No,No,0.293519326,1.293519326,12/14/23,0.79,NA,NA,5,6.329113924,no,12/17/23,16:21,NA,1,61,NA,
SCI,Site 2,Terrace Canyon,High,TCH,3,12/14/23,14:20,14:57,Not control,TCH13,Y68,13,Y,Intact,None,Intact,N,0,Not predated,No,No,0.293519326,1.293519326,12/14/23,0.79,NA,NA,0,0,no,12/17/23,16:21,NA,1,62,NA,
SCI,Site 2,Terrace Canyon,High,TCH,3,12/14/23,14:20,14:57,Not control,TCH9,W32,9,Y,Intact,None,Absent,Y,1,Tissue missing,No,No,0.293519326,1.293519326,12/14/23,0.79,NA,NA,4,5.063291139,no,12/17/23,16:21,NA,1,62,NA,
SCI,Site 2,Terrace Canyon,High,TCH,3,12/14/23,14:20,14:57,Not control,TCH20,W16,20,Y,Intact,None,Intact,N,0,Not predated,No,No,0.293519326,1.293519326,12/14/23,0.79,NA,NA,2,2.53164557,no,12/17/23,16:21,NA,1,70,NA,
SCI,Site 2,Terrace Canyon,High,TCH,3,12/14/23,14:20,14:57,Not control,TCH8,Y76,8,Y,Intact,None,Intact,N,0,Not predated,No,No,0.293519326,1.293519326,12/14/23,0.79,NA,NA,3,3.797468354,no,12/17/23,16:21,NA,1,72,NA,
SCI,Site 2,Terrace Canyon,High,TCH,3,12/14/23,14:20,14:57,Not control,TCH17,NA,17,Y,Absent,NA,Absent,Y,1,Shell missing,No,No,0.293519326,1.293519326,12/14/23,0.79,NA,NA,1,1.265822785,no,12/17/23,16:21,NA,1,73,NA,
SCI,Site 2,Terrace Canyon,High,TCH,3,12/14/23,14:20,14:57,Not control,TCH11,NA,11,Y,Absent,NA,Absent,Y,1,Shell missing,No,No,0.293519326,1.293519326,12/14/23,0.79,NA,NA,5,6.329113924,no,12/17/23,16:21,NA,1,74,NA,
SCI,Site 2,Terrace Canyon,High,TCH,3,12/14/23,14:20,14:57,Not control,TCH19,W65,19,Y,Intact,Crushed,Absent,Y,1,Tissue missing + shell damage,No,No,0.293519326,1.293519326,12/14/23,0.79,NA,NA,2,2.53164557,no,12/17/23,16:21,NA,1,76,NA,
SCI,Site 2,Terrace Canyon,High,TCH,3,12/14/23,14:20,14:57,Not control,TCH10,NA,10,Y,Absent,NA,Absent,Y,1,Shell missing,No,No,0.293519326,1.293519326,12/14/23,0.79,NA,NA,1,1.265822785,no,12/17/23,16:21,NA,1,80,NA,
SCI,Site 2,Terrace Canyon,High,TCH,3,12/14/23,14:20,14:57,Not control,TCH12,W46,12,Y,Intact,None,Intact,N,0,Not predated,No,No,0.293519326,1.293519326,12/14/23,0.79,NA,NA,2,2.53164557,no,12/17/23,16:21,NA,1,81,NA,
SCI,Site 2,Terrace Canyon,High,TCH,3,12/14/23,14:20,14:57,Not control,TCH5,W25,5,Y,Intact,Chipped,Intact,N,0,Not predated,No,No,0.293519326,1.293519326,12/14/23,0.79,NA,NA,0,0,no,4/4/24,11:15,11:55,1,NA,95,yes
SCI,Site 2,Terrace Canyon,High,TCH,3,12/14/23,14:20,14:57,Not control,TCH1,NA,1,Y,Absent,NA,Absent,Y,1,Shell missing,No,No,0.293519326,1.293519326,12/14/23,0.79,NA,NA,3,3.797468354,no,4/4/24,11:15,11:55,1,NA,90,yes
SCI,Site 2,Terrace Canyon,High,TCH,3,12/14/23,14:20,14:57,Not control,TCH3,NA,3,Y,Absent,NA,Absent,Y,1,Shell missing,No,No,0.293519326,1.293519326,12/14/23,0.79,NA,NA,2,2.53164557,no,4/4/24,11:15,11:55,1,NA,95,yes
SCI,Site 2,Terrace Canyon,High,TCH,3,12/14/23,14:20,14:57,Not control,TCH4,NA,4,Y,Absent,NA,Absent,Y,1,Shell missing,No,No,0.293519326,1.293519326,12/14/23,0.79,NA,NA,0,0,no,4/4/24,11:15,11:55,1,NA,100,yes
SCI,Site 2,Terrace Canyon,High,TCH,3,12/14/23,14:20,14:57,Not control,TCH6,NA,6,Y,Absent,NA,Absent,Y,1,Shell missing,No,No,0.293519326,1.293519326,12/14/23,0.79,NA,NA,3,3.797468354,no,4/4/24,11:15,11:55,0,NA,70,yes
SCI,Site 2,Terrace Canyon,High,TCH,3,12/14/23,14:20,14:57,Not control,TCH2,NA,2,Y,Intact,Chipped,Absent,Y,1,Tissue missing + shell damage,No,No,0.293519326,1.293519326,12/14/23,0.79,NA,NA,1,1.265822785,no,4/4/24,11:15,11:55,1,NA,95,yes
SCI,Site 2,Terrace Canyon,High,TCH,3,12/14/23,14:20,14:57,Not control,TCH7,NA,7,Y,Partial,Crushed,Absent,Y,1,Tissue missing + shell damage,No,No,0.293519326,1.293519326,12/14/23,0.79,NA,NA,4,5.063291139,no,4/4/24,11:15,11:55,1,NA,75,yes
SCI,Site 2,Terrace Canyon,Low,TCL,3,12/14/23,15:07,,Not control,TCL1,W33,1,Y,Intact,Chipped,Intact,N,0,Not predated,No,No,0.192990995,1.192990995,12/14/23,0.79,13:10,NA,0,0,no,4/4/24,12:45,NA,1,NA,100,yes
SCI,Site 2,Terrace Canyon,Low,TCL,3,12/14/23,15:07,,Not control,TCL2,W44,2,Y,Intact,Chipped,Intact,N,0,Not predated,No,No,0.192990995,1.192990995,12/14/23,0.79,13:10,NA,0,0,no,4/4/24,12:45,NA,1,NA,100,yes
SCI,Site 2,Terrace Canyon,Low,TCL,3,12/14/23,15:07,,Not control,TCL4,W34,4,Y,Intact,None,Intact,N,0,Not predated,No,No,0.192990995,1.192990995,12/14/23,0.79,13:10,NA,0,0,no,4/4/24,12:45,NA,1,NA,95,yes
SCI,Site 2,Terrace Canyon,Low,TCL,3,12/14/23,15:07,,Not control,TCL8,Y84,8,Y,Intact,Chipped,Intact,N,0,Not predated,No,No,0.192990995,1.192990995,12/14/23,0.79,13:10,NA,0,0,no,4/4/24,12:45,NA,1,NA,100,yes
SCI,Site 2,Terrace Canyon,Low,TCL,3,12/14/23,15:07,,Not control,TCL12,W23,12,Y,Intact,None,Intact,N,0,Not predated,No,No,0.192990995,1.192990995,12/14/23,0.79,13:10,NA,0,0,no,4/4/24,12:45,NA,1,NA,80,yes
SCI,Site 2,Terrace Canyon,Low,TCL,3,12/14/23,15:07,,Not control,TCL6,NA,6,Y,Absent,NA,Absent,Y,1,Shell missing,No,No,0.192990995,1.192990995,12/14/23,0.79,13:10,NA,0,0,no,4/4/24,12:45,NA,1,NA,80,yes
SCI,Site 2,Terrace Canyon,Low,TCL,3,12/14/23,15:07,,Not control,TCL7,NA,7,Y,Absent,NA,Absent,Y,1,Shell missing,No,No,0.192990995,1.192990995,12/14/23,0.79,13:10,NA,0,0,no,4/4/24,12:45,NA,1,NA,95,yes
SCI,Site 2,Terrace Canyon,Low,TCL,3,12/14/23,15:07,,Not control,TCL9,NA,9,Y,Absent,NA,Absent,Y,1,Shell missing,No,No,0.192990995,1.192990995,12/14/23,0.79,13:10,NA,0,0,no,4/4/24,12:45,NA,1,NA,95,yes
SCI,Site 2,Terrace Canyon,Low,TCL,3,12/14/23,15:07,,Not control,TCL10,NA,10,Y,Absent,NA,Absent,Y,1,Shell missing,No,No,0.192990995,1.192990995,12/14/23,0.79,13:10,NA,0,0,no,4/4/24,12:45,NA,1,NA,70,yes
SCI,Site 2,Terrace Canyon,Low,TCL,3,12/14/23,15:07,,Not control,TCL13,NA,13,Y,Absent,NA,Absent,Y,1,Shell missing,No,No,0.192990995,1.192990995,12/14/23,0.79,13:10,NA,1,1.265822785,no,4/4/24,12:45,NA,1,NA,80,yes
SCI,Site 2,Terrace Canyon,Low,TCL,3,12/14/23,15:07,,Not control,TCL14,NA,14,Y,Absent,NA,Absent,Y,1,Shell missing,No,No,0.192990995,1.192990995,12/14/23,0.79,13:10,NA,0,0,no,4/4/24,12:45,NA,1,NA,100,yes
SCI,Site 2,Terrace Canyon,Low,TCL,3,12/14/23,15:07,,Not control,TCL17,NA,17,Y,Absent,NA,Absent,Y,1,Shell missing,No,No,0.192990995,1.192990995,12/14/23,0.79,13:10,NA,0,0,no,4/4/24,12:45,NA,NA,NA,NA,yes
SCI,Site 2,Terrace Canyon,Low,TCL,3,12/14/23,15:07,,Not control,TCL18,NA,18,N,Absent,NA,Absent,Y,1,Shell missing,No,No,0.192990995,1.192990995,12/14/23,0.79,13:10,NA,0,0,no,4/4/24,12:45,NA,NA,NA,NA,yes
SCI,Site 2,Terrace Canyon,Low,TCL,3,12/14/23,15:07,,Not control,TCL19,NA,19,Y,Absent,NA,Absent,Y,1,Shell missing,No,No,0.192990995,1.192990995,12/14/23,0.79,13:10,NA,0,0,no,4/4/24,12:45,NA,NA,NA,NA,yes
SCI,Site 2,Terrace Canyon,Low,TCL,3,12/14/23,15:07,,Not control,TCL3,W19,3,Y,Intact,None,Absent,Y,1,Tissue missing,No,No,0.192990995,1.192990995,12/14/23,0.79,13:10,NA,0,0,no,4/4/24,12:45,NA,0,NA,95,yes
SCI,Site 2,Terrace Canyon,Low,TCL,3,12/14/23,15:07,,Not control,TCL5,W48,5,Y,Intact,None,Absent,Y,1,Tissue missing,No,No,0.192990995,1.192990995,12/14/23,0.79,13:10,NA,0,0,no,4/4/24,12:45,NA,NA,NA,NA,yes
SCI,Site 2,Terrace Canyon,Low,TCL,3,12/14/23,15:07,,Not control,TCL15,W35,15,Y,Intact,Chipped,Absent,Y,1,Tissue missing,No,No,0.192990995,1.192990995,12/14/23,0.79,13:10,NA,0,0,no,4/4/24,12:45,NA,1,NA,50,yes
SCI,Site 2,Terrace Canyon,Low,TCL,3,12/14/23,15:07,,Not control,TCL16,Y85,16,Y,Intact,Chipped,Absent,Y,1,Tissue missing,No,No,0.192990995,1.192990995,12/14/23,0.79,13:10,NA,0,0,no,4/4/24,12:45,NA,NA,NA,NA,yes
SCI,Site 2,Terrace Canyon,Low,TCL,3,12/14/23,15:07,,Not control,TCL20,Y74,20,Y,Intact,Chipped,Absent,Y,1,Tissue missing,No,No,0.192990995,1.192990995,12/14/23,0.79,13:10,NA,0,0,no,4/4/24,12:45,NA,NA,NA,NA,yes
SCI,Site 2,Terrace Canyon,Low,TCL,3,12/14/23,15:07,,Not control,TCL11,NA,11,Y,Intact,Chipped,Absent,Y,1,Tissue missing + shell damage,No,No,0.192990995,1.192990995,12/14/23,0.79,13:10,NA,0,0,no,4/4/24,12:45,NA,1,NA,70,yes
SCI,Site 2,Terrace Canyon,High,TCH,3,12/14/23,14:20,14:57,Control,TCHC2,W88,2C,Y,Intact,None,Intact,N,0,Not predated,No,No,0.293519326,NA,NA,0.79,NA,NA,NA,NA,,,NA,NA,NA,NA,NA,
SCI,Site 2,Terrace Canyon,High,TCH,3,12/14/23,14:20,14:57,Control,TCHC3,W31,3C,Y,Intact,None,Intact,N,0,Not predated,No,No,0.293519326,NA,NA,0.79,NA,NA,NA,NA,,,NA,NA,NA,NA,NA,
SCI,Site 2,Terrace Canyon,High,TCH,3,12/14/23,14:20,14:57,Control,TCHC1,Y20,1C,Y,Intact,Chipped,Absent,Y,1,Tissue missing,No,Yes,0.293519326,NA,NA,0.79,NA,NA,NA,NA,,,NA,NA,NA,NA,NA,
SCI,Site 2,Terrace Canyon,High,TCH,3,12/14/23,14:20,14:57,Control,TCHC4,W67,4C,Y,Intact,None,Intact,Y,1,Tissue missing,No,Yes,0.293519326,NA,NA,0.79,NA,NA,NA,NA,,,NA,NA,NA,NA,NA,
SCI,Site 2,Terrace Canyon,Low,TCL,3,12/14/23,15:07,,Control,TCLC1,W24,1C,Y,Intact,None,Intact,N,0,Not predated,No,No,0.192990995,NA,4/4/24,0.79,13:10,NA,NA,NA,,,12:45,NA,NA,NA,NA,
SCI,Site 2,Terrace Canyon,Low,TCL,3,12/14/23,15:07,,Control,TCLC3,W41,3C,Y,Intact,None,Intact,N,0,Not predated,No,No,0.192990995,NA,4/4/24,0.79,13:10,NA,NA,NA,,,12:45,NA,NA,NA,NA,
SCI,Site 2,Terrace Canyon,Low,TCL,3,12/14/23,15:07,,Control,TCLC4,W45,4C,Y,Intact,None,Intact,N,0,Not predated,No,No,0.192990995,NA,4/4/24,0.79,13:10,NA,NA,NA,,,12:45,NA,NA,NA,NA,
SCI,Site 2,Terrace Canyon,Low,TCL,3,12/14/23,15:07,,Control,TCLC5,NA,5C,Y,Intact,None,Intact,N,0,Not predated,No,No,0.192990995,NA,4/4/24,0.79,13:10,NA,NA,NA,,,12:45,NA,NA,NA,NA,
SCI,Site 2,Terrace Canyon,Low,TCL,3,12/14/23,15:07,,Control,TCLC2,NA,2C,N,Absent,NA,NA,Y,1,Shell missing,No,Yes,0.192990995,NA,4/4/24,0.79,13:10,NA,NA,NA,,,12:45,NA,NA,NA,NA,
SNI,Site 3,Tranquility Beach.,High,TBH,4,1/22/24,12:00,12:27,Not control,TBH1,G58,1,Y,Intact,None,Intact,N,0,Not predated,No,No,0.197080292,1.197080292,1/22/24,0.79,12:28,13:14,1,1.265822785,no,1/20/24,15:33,NA,1,42,0,no
SNI,Site 3,Tranquility Beach.,High,TBH,4,1/22/24,12:00,12:27,Not control,TBH5,G100,5,Y,Intact,None,Intact,N,0,Not predated,No,No,0.197080292,1.197080292,1/22/24,0.79,12:28,13:14,1,1.265822785,no,1/20/24,15:33,NA,1,10,5,no
SNI,Site 3,Tranquility Beach.,High,TBH,4,1/22/24,12:00,12:27,Not control,TBH6,G95,6,Y,Intact,Chipped,Intact,N,0,Not predated,No,No,0.197080292,1.197080292,1/22/24,0.79,12:28,13:14,2,2.53164557,no,1/20/24,15:33,NA,1,9,10,no
SNI,Site 3,Tranquility Beach.,High,TBH,4,1/22/24,12:00,12:27,Not control,TBH7,G89,7,Y,Intact,None,Intact,N,0,Not predated,No,No,0.197080292,1.197080292,1/22/24,0.79,12:28,13:14,0,0,no,1/20/24,15:33,NA,1,8,20,no
SNI,Site 3,Tranquility Beach.,High,TBH,4,1/22/24,12:00,12:27,Not control,TBH8,G53,8,Y,Intact,None,Intact,N,0,Not predated,No,No,0.197080292,1.197080292,1/22/24,0.79,12:28,13:14,1,1.265822785,no,1/20/24,15:33,NA,1,1,0,no
SNI,Site 3,Tranquility Beach.,High,TBH,4,1/22/24,12:00,12:27,Not control,TBH9,B30,9,Y,Intact,Chipped,Intact,N,0,Not predated,No,No,0.197080292,1.197080292,1/22/24,0.79,12:28,13:14,1,1.265822785,no,1/20/24,15:33,NA,1,23,10,no
SNI,Site 3,Tranquility Beach.,High,TBH,4,1/22/24,12:00,12:27,Not control,TBH10,G86,10,Y,Intact,None,Intact,N,0,Not predated,No,No,0.197080292,1.197080292,1/22/24,0.79,12:28,13:14,0,0,no,1/20/24,15:33,NA,1,49,20,no
SNI,Site 3,Tranquility Beach.,High,TBH,4,1/22/24,12:00,12:27,Not control,TBH11,G47,11,Y,Intact,None,Intact,N,0,Not predated,No,No,0.197080292,1.197080292,1/22/24,0.79,12:28,13:14,0,0,yes,1/20/24,15:33,NA,1,22,0,no
SNI,Site 3,Tranquility Beach.,High,TBH,4,1/22/24,12:00,12:27,Not control,TBH12,G04,12,Y,Intact,None,Intact,N,0,Not predated,No,No,0.197080292,1.197080292,1/22/24,0.79,12:28,13:14,0,0,no,1/20/24,15:33,NA,1,13,10,no
SNI,Site 3,Tranquility Beach.,High,TBH,4,1/22/24,12:00,12:27,Not control,TBH13,G85,13,Y,Intact,None,Intact,N,0,Not predated,No,Yes,0.197080292,1.197080292,1/22/24,0.79,12:28,13:14,0,0,yes,1/20/24,15:33,NA,1,36,2,no
SNI,Site 3,Tranquility Beach.,High,TBH,4,1/22/24,12:00,12:27,Not control,TBH14,G81,14,Y,Intact,None,Intact,N,0,Not predated,No,No,0.197080292,1.197080292,1/22/24,0.79,12:28,13:14,1,1.265822785,yes,1/20/24,15:33,NA,1,10,5,no
SNI,Site 3,Tranquility Beach.,High,TBH,4,1/22/24,12:00,12:27,Not control,TBH15,G79,15,Y,Intact,Chipped,Intact,N,0,Not predated,No,No,0.197080292,1.197080292,1/22/24,0.79,12:28,13:14,2,2.53164557,no,1/20/24,15:33,NA,1,24,2,no
SNI,Site 3,Tranquility Beach.,High,TBH,4,1/22/24,12:00,12:27,Not control,TBH16,G49,16,Y,Intact,None,Intact,N,0,Not predated,No,No,0.197080292,1.197080292,1/22/24,0.79,12:28,13:14,1,1.265822785,no,1/20/24,15:33,NA,1,0,25,no
SNI,Site 3,Tranquility Beach.,High,TBH,4,1/22/24,12:00,12:27,Not control,TBH17,G75,17,Y,Intact,None,Intact,N,0,Not predated,No,No,0.197080292,1.197080292,1/22/24,0.79,12:28,13:14,2,2.53164557,yes,1/20/24,15:33,NA,1,9,2,no
SNI,Site 3,Tranquility Beach.,High,TBH,4,1/22/24,12:00,12:27,Not control,TBH18,G65,18,Y,Intact,None,Intact,N,0,Not predated,No,No,0.197080292,1.197080292,1/22/24,0.79,12:28,13:14,3,3.797468354,yes,1/20/24,15:33,NA,1,1,5,no
SNI,Site 3,Tranquility Beach.,High,TBH,4,1/22/24,12:00,12:27,Not control,TBH19,G51,19,Y,Intact,None,Intact,N,0,Not predated,No,No,0.197080292,1.197080292,1/22/24,0.79,12:28,13:14,0,0,no,1/20/24,15:33,NA,1,16,3,no
SNI,Site 3,Tranquility Beach.,High,TBH,4,1/22/24,12:00,12:27,Not control,TBH20,G88,20,Y,Intact,Chipped,Intact,N,0,Not predated,No,No,0.197080292,1.197080292,1/22/24,0.79,12:28,13:14,0,0,no,1/20/24,15:33,NA,1,13,0,no
SNI,Site 3,Tranquility Beach.,High,TBH,4,1/22/24,12:00,12:27,Not control,TBH3,NA,3,Y,Absent,NA,Absent,Y,1,Shell missing,No,No,0.197080292,1.197080292,1/22/24,0.79,12:28,13:14,0,0,no,1/20/24,15:33,NA,1,18,0,no
SNI,Site 3,Tranquility Beach.,High,TBH,4,1/22/24,12:00,12:27,Not control,TBH2,G90,2,Y,Intact,None,Absent,Y,1,Tissue missing,No,No,0.197080292,1.197080292,1/22/24,0.79,12:28,13:14,0,0,no,1/20/24,15:33,NA,1,26,0,no
SNI,Site 3,Tranquility Beach.,High,TBH,4,1/22/24,12:00,12:27,Not control,TBH4,G69,4,Y,Intact,Chipped,Absent,Y,1,Tissue missing,No,No,0.197080292,1.197080292,1/22/24,0.79,12:28,13:14,3,3.797468354,no,1/20/24,15:33,NA,1,20,1,no
SNI,Site 3,Tranquility Beach.,Low,TBL,4,1/22/24,13:00,13:40,Not control,TBL1,B65,1,Y,Intact,None,Intact,N,0,Not predated,No,No,0.378151261,1.378151261,1/22/24,0.79,13:20,14:14,0,0,no,1/22/24,NA,NA,1,15,40,no
SNI,Site 3,Tranquility Beach.,Low,TBL,4,1/22/24,13:00,13:40,Not control,TBL2,B76,2,Y,Intact,Chipped,Intact,N,0,Not predated,No,No,0.378151261,1.378151261,1/22/24,0.79,13:20,14:14,1,1.265822785,no,1/22/24,NA,NA,1,10,70,no
SNI,Site 3,Tranquility Beach.,Low,TBL,4,1/22/24,13:00,13:40,Not control,TBL3,B45,3,Y,Intact,None,Intact,N,0,Not predated,No,No,0.378151261,1.378151261,1/22/24,0.79,13:20,14:14,0,0,no,1/22/24,NA,NA,0,23,50,no
SNI,Site 3,Tranquility Beach.,Low,TBL,4,1/22/24,13:00,13:40,Not control,TBL4,G92,4,Y,Intact,None,Intact,N,0,Not predated,No,No,0.378151261,1.378151261,1/22/24,0.79,13:20,14:14,0,0,no,1/22/24,NA,NA,1,54,50,no
SNI,Site 3,Tranquility Beach.,Low,TBL,4,1/22/24,13:00,13:40,Not control,TBL5,G48,5,Y,Intact,None,Intact,N,0,Not predated,No,No,0.378151261,1.378151261,1/22/24,0.79,13:20,14:14,0,0,no,1/22/24,NA,NA,1,45,20,no
SNI,Site 3,Tranquility Beach.,Low,TBL,4,1/22/24,13:00,13:40,Not control,TBL6,G70,6,Y,Intact,Chipped,Intact,N,0,Not predated,No,No,0.378151261,1.378151261,1/22/24,0.79,13:20,14:14,2,2.53164557,no,1/22/24,NA,NA,1,32,40,no
SNI,Site 3,Tranquility Beach.,Low,TBL,4,1/22/24,13:00,13:40,Not control,TBL7,G71,7,Y,Intact,None,Intact,N,0,Not predated,No,No,0.378151261,1.378151261,1/22/24,0.79,13:20,14:14,0,0,no,1/22/24,NA,NA,1,21,60,no
SNI,Site 3,Tranquility Beach.,Low,TBL,4,1/22/24,13:00,13:40,Not control,TBL10,G77,10,Y,Intact,Chipped,Intact,N,0,Not predated,No,No,0.378151261,1.378151261,1/22/24,0.79,13:20,14:14,0,0,no,1/22/24,NA,NA,1,55,50,no
SNI,Site 3,Tranquility Beach.,Low,TBL,4,1/22/24,13:00,13:40,Not control,TBL11,G61,11,Y,Intact,Chipped,Intact,N,0,Not predated,No,No,0.378151261,1.378151261,1/22/24,0.79,13:20,14:14,1,1.265822785,no,1/22/24,NA,NA,1,14,10,no
SNI,Site 3,Tranquility Beach.,Low,TBL,4,1/22/24,13:00,13:40,Not control,TBL12,G63,12,Y,Intact,Chipped,Intact,N,0,Not predated,No,No,0.378151261,1.378151261,1/22/24,0.79,13:20,14:14,1,1.265822785,no,1/22/24,NA,NA,1,28,10,no
SNI,Site 3,Tranquility Beach.,Low,TBL,4,1/22/24,13:00,13:40,Not control,TBL16,G68,16,Y,Intact,None,Intact,N,0,Not predated,No,No,0.378151261,1.378151261,1/22/24,0.79,13:20,14:14,1,1.265822785,no,1/22/24,NA,NA,0,80,60,no
SNI,Site 3,Tranquility Beach.,Low,TBL,4,1/22/24,13:00,13:40,Not control,TBL20,G87,20,Y,Intact,None,Intact,N,0,Not predated,No,No,0.378151261,1.378151261,1/22/24,0.79,13:20,14:14,2,2.53164557,no,1/22/24,NA,NA,1,14,20,no
SNI,Site 3,Tranquility Beach.,Low,TBL,4,1/22/24,13:00,13:40,Not control,TBL21,B47,21,Y,Intact,None,Intact,N,0,Not predated,No,No,0.378151261,1.378151261,1/22/24,0.79,13:20,14:14,3,3.797468354,no,1/22/24,NA,NA,1,25,40,no
SNI,Site 3,Tranquility Beach.,Low,TBL,4,1/22/24,13:00,13:40,Not control,TBL9,G15,9,Y,Intact,None,Partial,Exclude,Exclude,Mortality,Yes,Yes,0.378151261,1.378151261,1/22/24,0.79,13:20,14:14,0,0,no,1/22/24,NA,NA,0,28,2,no
SNI,Site 3,Tranquility Beach.,Low,TBL,4,1/22/24,13:00,13:40,Not control,TBL19,G83,19,Y,Intact,None,Partial,Exclude,Exclude,Exclude,Yes,Yes,0.378151261,1.378151261,1/22/24,0.79,13:20,14:14,1,1.265822785,no,1/22/24,NA,NA,1,77,15,no
SNI,Site 3,Tranquility Beach.,Low,TBL,4,1/22/24,13:00,13:40,Not control,TBL8,NA,8,Y,Absent,NA,NA,Y,1,Shell missing,No,No,0.378151261,1.378151261,1/22/24,0.79,13:20,14:14,0,0,no,1/22/24,NA,NA,1,19,70,no
SNI,Site 3,Tranquility Beach.,Low,TBL,4,1/22/24,13:00,13:40,Not control,TBL15,NA,15,Y,Absent,NA,NA,Y,1,Shell missing,No,No,0.378151261,1.378151261,1/22/24,0.79,13:20,14:14,0,0,no,1/22/24,NA,NA,1,12,20,no
SNI,Site 3,Tranquility Beach.,Low,TBL,4,1/22/24,13:00,13:40,Not control,TBL17,NA,17,Y,Absent,NA,NA,Y,1,Shell missing,No,No,0.378151261,1.378151261,1/22/24,0.79,13:20,14:14,0,0,no,1/22/24,NA,NA,0,4,70,no
SNI,Site 3,Tranquility Beach.,Low,TBL,4,1/22/24,13:00,13:40,Not control,TBL18,NA,18,Y,Absent,NA,NA,Y,1,Shell missing,No,No,0.378151261,1.378151261,1/22/24,0.79,13:20,14:14,0,0,no,1/22/24,NA,NA,1,18,60,no
SNI,Site 3,Tranquility Beach.,Low,TBL,4,1/22/24,13:00,13:40,Not control,TBL13,G52,13,Y,Intact,Drill,Absent,Y,1,Tissue missing,No,No,0.378151261,1.378151261,1/22/24,0.79,13:20,14:14,1,1.265822785,no,1/22/24,NA,NA,1,53,70,no
SNI,Site 3,Tranquility Beach.,High,TBH,4,1/22/24,13:00,13:40,Control,TBHC1,G59,1C,Y,Intact,Chipped,Intact,N,0,Not predated,No,,0.197080292,,NA,0.79,12:28,13:14,NA,NA,NA,NA,NA,NA,NA,NA,NA,
SNI,Site 3,Tranquility Beach.,High,TBH,4,1/22/24,13:00,13:40,Control,TBHC2,G76,2C,Y,Intact,Chipped,Intact,N,0,Not predated,No,,0.197080292,,NA,0.79,12:28,13:14,NA,NA,NA,NA,NA,NA,NA,NA,NA,
SNI,Site 3,Tranquility Beach.,High,TBH,4,1/22/24,13:00,13:40,Control,TBHC3,G96,3C,Y,Intact,None,Intact,N,0,Not predated,No,,0.197080292,,NA,0.79,12:28,13:14,NA,NA,NA,NA,NA,NA,NA,NA,NA,
SNI,Site 3,Tranquility Beach.,High,TBH,4,1/22/24,13:00,13:40,Control,TBHC4,G94,4C,Y,Intact,None,Intact,N,0,Not predated,No,,0.197080292,,NA,0.79,12:28,13:14,NA,NA,NA,NA,NA,NA,NA,NA,NA,
SNI,Site 3,Tranquility Beach.,High,TBH,4,1/22/24,13:00,13:40,Control,TBHC5,B62,5C,Y,Intact,None,Intact,N,0,Not predated,No,,0.197080292,,NA,0.79,12:28,13:14,NA,NA,NA,NA,NA,NA,NA,NA,NA,
SNI,Site 3,Tranquility Beach.,Low,TBL,4,1/22/24,13:00,13:40,Control,TBLC1,G38,1C,Y,Intact,None,Intact,N,0,Not predated,No,,0.378151261,,1/22/24,0.79,13:20,14:14,NA,NA,NA,NA,NA,NA,NA,NA,NA,
SNI,Site 3,Tranquility Beach.,Low,TBL,4,1/22/24,13:00,13:40,Control,TBLC2,G73,2C,Y,Intact,Chipped,Intact,N,0,Not predated,No,,0.378151261,,1/22/24,0.79,13:20,14:14,NA,NA,NA,NA,NA,NA,NA,NA,NA,
SNI,Site 3,Tranquility Beach.,Low,TBL,4,1/22/24,13:00,13:40,Control,TBLC3,G56,3C,Y,Intact,None,Intact,N,0,Not predated,No,,0.378151261,,1/22/24,0.79,13:20,14:14,NA,NA,NA,NA,NA,NA,NA,NA,NA,
SNI,Site 3,Tranquility Beach.,Low,TBL,4,1/22/24,13:00,13:40,Control,TBLC4,G91,4C,Y,Intact,None,Intact,N,0,Not predated,No,,0.378151261,,1/22/24,0.79,13:20,14:14,NA,NA,NA,NA,NA,NA,NA,NA,NA,
SNI,Site 3,Tranquility Beach.,Low,TBL,4,1/22/24,13:00,13:40,Control,TBLC5,G46,5C,Y,Intact,Chipped,Intact,N,0,Not predated,No,,0.378151261,,1/22/24,0.79,13:20,14:14,NA,NA,NA,NA,NA,NA,NA,NA,NA,
SCI,Site 3,West cove,High,WCH,2,11/12/23,12:30,14:46,Not control,WCH14,10,14,Y,Intact,Chipped,Intact,N,0,Not predated,No,No,0.3,1.3,11/12/23,0.79,12:30,NA,2,2.53164557,no,11/14/23,13:34,14:23,1,60,5,no
SCI,Site 3,West cove,High,WCH,2,11/12/23,12:30,14:46,Not control,WCH10,NA,10,NA,NA,NA,NA,NA,NA,NA,Yes,Yes,0.3,1.3,11/12/23,0.79,12:30,NA,NA,NA,yes,11/14/23,13:34,14:23,NA,NA,NA,yes
SCI,Site 3,West cove,High,WCH,2,11/12/23,12:30,14:46,Not control,WCH1,Y24,1,Y,Intact,Chipped,Absent,Y,1,Tissue missing,No,Yes,0.3,1.3,11/12/23,0.79,12:30,NA,3,3.797468354,no,11/14/23,13:34,14:23,0,30,10,no
SCI,Site 3,West cove,High,WCH,2,11/12/23,12:30,14:46,Not control,WCH2,55,2,Y,Intact,Chipped,Absent,Y,1,Tissue missing,No,No,0.3,1.3,11/12/23,0.79,12:30,NA,3,3.797468354,no,11/14/23,13:34,14:23,1,87,1,no
SCI,Site 3,West cove,High,WCH,2,11/12/23,12:30,14:46,Not control,WCH3,49,3,Y,Intact,Chipped,Absent,Y,1,Tissue missing,No,No,0.3,1.3,11/12/23,0.79,12:30,NA,1,1.265822785,no,11/14/23,13:34,14:23,1,7,15,no
SCI,Site 3,West cove,High,WCH,2,11/12/23,12:30,14:46,Not control,WCH4,NA,4,Y,Intact,Chipped,Absent,Y,1,Tissue missing,No,No,0.3,1.3,11/12/23,0.79,12:30,NA,10,12.65822785,no,11/14/23,13:34,14:23,0,33,3,no
SCI,Site 3,West cove,High,WCH,2,11/12/23,12:30,14:46,Not control,WCH5,67,5,Y,Intact,Chipped,Absent,Y,1,Tissue missing,No,Yes,0.3,1.3,11/12/23,0.79,12:30,NA,6,7.594936709,no,11/14/23,13:34,14:23,1,1,10,no
SCI,Site 3,West cove,High,WCH,2,11/12/23,12:30,14:46,Not control,WCH6,NA,6,Y,Intact,Chipped,Absent,Y,1,Tissue missing,No,Yes,0.3,1.3,11/12/23,0.79,12:30,NA,6,7.594936709,no,11/14/23,13:34,14:23,1,3,30,no
SCI,Site 3,West cove,High,WCH,2,11/12/23,12:30,14:46,Not control,WCH8,82,8,Y,Intact,Chipped,Absent,Y,1,Tissue missing,No,No,0.3,1.3,11/12/23,0.79,12:30,NA,5,6.329113924,no,11/14/23,13:34,14:23,1,61,15,no
SCI,Site 3,West cove,High,WCH,2,11/12/23,12:30,14:46,Not control,WCH9,35,9,Y,Intact,Chipped,Absent,Y,1,Tissue missing,No,Yes,0.3,1.3,11/12/23,0.79,12:30,NA,1,1.265822785,no,11/14/23,13:34,14:23,1,90,40,no
SCI,Site 3,West cove,High,WCH,2,11/12/23,12:30,14:46,Not control,WCH11,70,11,Y,Intact,Chipped,Absent,Y,1,Tissue missing,No,No,0.3,1.3,11/12/23,0.79,12:30,NA,0,0,no,11/14/23,13:34,14:23,1,76,20,no
SCI,Site 3,West cove,High,WCH,2,11/12/23,12:30,14:46,Not control,WCH12,35,12,Y,Intact,Chipped,Absent,Y,1,Tissue missing,No,No,0.3,1.3,11/12/23,0.79,12:30,NA,3,3.797468354,no,11/14/23,13:34,14:23,1,88,10,no
SCI,Site 3,West cove,High,WCH,2,11/12/23,12:30,14:46,Not control,WCH15,34,15,Y,Intact,Chipped,Absent,Y,1,Tissue missing,No,No,0.3,1.3,11/12/23,0.79,12:30,NA,2,2.53164557,no,11/14/23,13:34,14:23,1,35,1,no
SCI,Site 3,West cove,High,WCH,2,11/12/23,12:30,14:46,Not control,WCH16,7,16,Y,Intact,Chipped,Absent,Y,1,Tissue missing,No,No,0.3,1.3,11/12/23,0.79,12:30,NA,1,1.265822785,no,11/14/23,13:34,14:23,1,67,7,no
SCI,Site 3,West cove,High,WCH,2,11/12/23,12:30,14:46,Not control,WCH19,86,19,Y,Intact,Chipped,Absent,Y,1,Tissue missing,No,No,0.3,1.3,11/12/23,0.79,12:30,NA,1,1.265822785,no,11/14/23,13:34,14:23,1,33,40,no
SCI,Site 3,West cove,High,WCH,2,11/12/23,12:30,14:46,Not control,WCH7,92,7,Y,Intact,Crushed,Absent,Y,1,Tissue missing + shell damage,No,Yes,0.3,1.3,11/12/23,0.79,12:30,NA,3,3.797468354,no,11/14/23,13:34,14:23,1,40,7,no
SCI,Site 3,West cove,High,WCH,2,11/12/23,12:30,14:46,Not control,WCH13,46,13,Y,Intact,Chipped,Absent,Y,1,Tissue missing,No,Yes,0.3,1.3,11/12/23,0.79,12:30,NA,2,2.53164557,no,11/14/23,13:34,14:23,1,68,10,no
SCI,Site 3,West cove,High,WCH,2,11/12/23,12:30,14:46,Not control,WCH17,45,17,Y,Intact,Chipped,Absent,Y,1,Tissue missing + shell damage,No,No,0.3,1.3,11/12/23,0.79,12:30,NA,0,0,no,11/14/23,13:34,14:23,1,66,30,no
SCI,Site 3,West cove,High,WCH,2,11/12/23,12:30,14:46,Not control,WCH18,25,18,Y,Intact,Chipped,Absent,Y,1,Tissue missing + shell damage,No,No,0.3,1.3,11/12/23,0.79,12:30,NA,3,3.797468354,no,11/14/23,13:34,14:23,1,12,20,no
SCI,Site 3,West cove,High,WCH,2,11/12/23,12:30,14:46,Not control,WCH20,NA,20,Y,Intact,Chipped,Absent,Y,1,Tissue missing + shell damage,No,No,0.3,1.3,11/12/23,0.79,12:30,NA,1,1.265822785,no,11/14/23,13:34,14:23,1,58,5,no
SCI,Site 3,West cove,High,WCH,2,11/12/23,12:30,14:46,Not control,WCH21,NA,21,Y,Intact,Chipped,Absent,Y,1,Tissue missing + shell damage,Yes,Yes,0.3,1.3,11/12/23,0.79,12:30,NA,2,2.53164557,no,11/14/23,13:34,14:23,1,27,2,no
SCI,Site 3,West cove,Low,WCL,2,11/12/23,13:10,14:10,Not control,WCL6,78,6,Y,Intact,Chipped,Intact,N,0,Not predated,No,No,0.547169811,1.547169811,11/12/23,0.79,13:15,14:30,2,2.53164557,no,11/14/23,14:30,15:23,1,52,80,no
SCI,Site 3,West cove,Low,WCL,2,11/12/23,13:10,14:10,Not control,WCL10,49,10,Y,Intact,None,Intact,N,0,Not predated,No,No,0.547169811,1.547169811,11/12/23,0.79,13:15,14:30,0,0,no,11/14/23,14:30,15:23,1,72,60,no
SCI,Site 3,West cove,Low,WCL,2,11/12/23,13:10,14:10,Not control,WCL4,NA,4,Y,Absent,NA,NA,Y,1,Shell missing,No,No,0.547169811,1.547169811,11/12/23,0.79,13:15,14:30,0,0,no,11/14/23,14:30,15:23,1,63,80,no
SCI,Site 3,West cove,Low,WCL,2,11/12/23,13:10,14:10,Not control,WCL9,NA,9,N,Absent,NA,NA,Y,1,Shell missing,No,No,0.547169811,1.547169811,11/12/23,0.79,13:15,14:30,2,2.53164557,no,11/14/23,14:30,15:23,1,51,50,no
SCI,Site 3,West cove,Low,WCL,2,11/12/23,13:10,14:10,Not control,WCL13,NA,13,Y,Absent,NA,NA,Y,1,Shell missing,No,No,0.547169811,1.547169811,11/12/23,0.79,13:15,14:30,1,1.265822785,no,11/14/23,14:30,15:23,1,73,90,no
SCI,Site 3,West cove,Low,WCL,2,11/12/23,13:10,14:10,Not control,WCL14,NA,14,Y,Absent,NA,NA,Y,1,Shell missing,No,No,0.547169811,1.547169811,11/12/23,0.79,13:15,14:30,1,1.265822785,no,11/14/23,14:30,15:23,1,50,45,no
SCI,Site 3,West cove,Low,WCL,2,11/12/23,13:10,14:10,Not control,WCL15,NA,15,N,Absent,NA,NA,Y,1,Shell missing,No,No,0.547169811,1.547169811,11/12/23,0.79,13:15,14:30,0,0,no,11/14/23,14:30,15:23,1,51,40,no
SCI,Site 3,West cove,Low,WCL,2,11/12/23,13:10,14:10,Not control,WCL18,NA,18,Y,Absent,NA,NA,Y,1,Shell missing,No,No,0.547169811,1.547169811,11/12/23,0.79,13:15,14:30,0,0,no,11/14/23,14:30,15:23,1,63,10,no
SCI,Site 3,West cove,Low,WCL,2,11/12/23,13:10,14:10,Not control,WCL1,33,1,Y,Intact,Chipped,Absent,Y,1,Tissue missing,No,No,0.547169811,1.547169811,11/12/23,0.79,13:15,14:30,3,3.797468354,no,11/14/23,14:30,15:23,1,52,30,no
SCI,Site 3,West cove,Low,WCL,2,11/12/23,13:10,14:10,Not control,WCL2,61,2,Y,Intact,Chipped,Partial,Y,1,Tissue missing,No,No,0.547169811,1.547169811,11/12/23,0.79,13:15,14:30,2,2.53164557,no,11/14/23,14:30,15:23,1,40,85,no
SCI,Site 3,West cove,Low,WCL,2,11/12/23,13:10,14:10,Not control,WCL3,44,3,Y,Intact,Chipped,Absent,Y,1,Tissue missing,No,No,0.547169811,1.547169811,11/12/23,0.79,13:15,14:30,5,6.329113924,no,11/14/23,14:30,15:23,1,35,70,no
SCI,Site 3,West cove,Low,WCL,2,11/12/23,13:10,14:10,Not control,WCL5,47,5,Y,Intact,Chipped,Absent,Y,1,Tissue missing,No,No,0.547169811,1.547169811,11/12/23,0.79,13:15,14:30,3,3.797468354,no,11/14/23,14:30,15:23,1,89,3,no
SCI,Site 3,West cove,Low,WCL,2,11/12/23,13:10,14:10,Not control,WCL11,48,11,Y,Intact,NA,Absent,Y,1,Tissue missing,No,No,0.547169811,1.547169811,11/12/23,0.79,13:15,14:30,1,1.265822785,no,11/14/23,14:30,15:23,0,85,55,no
SCI,Site 3,West cove,Low,WCL,2,11/12/23,13:10,14:10,Not control,WCL16,27,16,Y,Intact,Chipped,Absent,Y,1,Tissue missing,No,Yes,0.547169811,1.547169811,11/12/23,0.79,13:15,14:30,1,1.265822785,no,11/14/23,14:30,15:23,1,38,15,no
SCI,Site 3,West cove,Low,WCL,2,11/12/23,13:10,14:10,Not control,WCL7,NA,7,Y,Intact,Chipped,Absent,Y,1,Tissue missing + shell damage,No,No,0.547169811,1.547169811,11/12/23,0.79,13:15,14:30,0,0,no,11/14/23,14:30,15:23,1,5,90,no
SCI,Site 3,West cove,Low,WCL,2,11/12/23,13:10,14:10,Not control,WCL8,76,8,Y,Intact,Chipped,Absent,Y,1,Tissue missing + shell damage,No,No,0.547169811,1.547169811,11/12/23,0.79,13:15,14:30,0,0,no,11/14/23,14:30,15:23,1,69,35,no
SCI,Site 3,West cove,Low,WCL,2,11/12/23,13:10,14:10,Not control,WCL12,57,12,Y,Intact,Chipped,Absent,Y,1,Tissue missing + shell damage,No,Yes,0.547169811,1.547169811,11/12/23,0.79,13:15,14:30,1,1.265822785,no,11/14/23,14:30,15:23,1,6,30,no
SCI,Site 3,West cove,Low,WCL,2,11/12/23,13:10,14:10,Not control,WCL17,31,17,Y,Intact,Chipped,Absent,Y,1,Tissue missing + shell damage,No,No,0.547169811,1.547169811,11/12/23,0.79,13:15,14:30,1,1.265822785,no,11/14/23,14:30,15:23,1,39,85,no
SCI,Site 3,West cove,Low,WCL,2,11/12/23,13:10,14:10,Not control,WCL19,NA,19,Y,Intact,Chipped,Absent,Y,1,Tissue missing + shell damage,No,No,0.547169811,1.547169811,11/12/23,0.79,13:15,14:30,0,0,no,11/14/23,14:30,15:23,1,78,40,no
SCI,Site 3,West cove,Low,WCL,2,11/12/23,13:10,14:10,Not control,WCL20,NA,20,Y,Partial,Crushed,Absent,Y,1,Tissue missing + shell damage,No,No,0.547169811,1.547169811,11/12/23,0.79,13:15,14:30,0,0,no,11/14/23,14:30,15:23,1,65,3,no
SCI,Site 3,West cove,High,WCH,2,11/12/23,12:30,14:46,Control,WCHC3,95,3C,Y,Intact,NA,Intact,N,0,Not predated,No,,NA,NA,NA,0.79,12:30,NA,NA,NA,,,13:34,14:23,NA,41,NA,
SCI,Site 3,West cove,High,WCH,2,11/12/23,12:30,14:46,Control,WCHC1,NA,1C,N,Absent,NA,Absent,Y,1,Shell missing,?,Yes,NA,NA,NA,0.79,12:30,NA,NA,NA,,,13:34,14:23,NA,35,NA,
SCI,Site 3,West cove,High,WCH,2,11/12/23,12:30,14:46,Control,WCHC4,NA,4C,N,Absent,NA,Absent,Y,1,Shell missing,?,Yes,NA,NA,NA,0.79,12:30,NA,NA,NA,,,13:34,14:23,NA,58,NA,
SCI,Site 3,West cove,High,WCH,2,11/12/23,12:30,14:46,Control,WCHC2,80,2C,Y,Intact,Chipped,Absent,Y,1,Tissue missing,?,Yes,NA,NA,NA,0.79,12:30,NA,NA,NA,,,13:34,14:23,NA,59,NA,
SCI,Site 3,West cove,High,WCH,2,11/12/23,12:30,14:46,Control,WCHC5,30,5C,Y,Intact,Chipped,Absent,Y,1,Tissue missing,?,Yes,NA,NA,NA,0.79,12:30,NA,NA,NA,,,13:34,14:23,NA,64,NA,
SCI,Site 3,West cove,Low,WCL,2,11/12/23,13:10,14:10,Control,WCLC1,74,1C,Y,Intact,Chipped,Intact,N,0,Not predated,No,,NA,NA,NA,0.79,13:15,14:30,NA,NA,,,14:30,15:23,NA,11,NA,
SCI,Site 3,West cove,Low,WCL,2,11/12/23,13:10,14:10,Control,WCLC3,56,3C,Y,Intact,None,Intact,N,0,Not predated,No,,NA,NA,NA,0.79,13:15,14:30,NA,NA,,,14:30,15:23,NA,45,NA,
SCI,Site 3,West cove,Low,WCL,2,11/12/23,13:10,14:10,Control,WCLC4,96,4C,Y,Intact,Chipped,Intact,N,0,Not predated,No,,NA,NA,NA,0.79,13:15,14:30,NA,NA,,,14:30,15:23,NA,27,NA,
SCI,Site 3,West cove,Low,WCL,2,11/12/23,13:10,14:10,Control,WCLC2,NA,2C,N,Absent,NA,Absent,Y,1,Shell missing,No,Yes,NA,NA,NA,0.79,13:15,14:30,NA,NA,,,14:30,15:23,NA,12,NA,
SCI,Site 3,West cove,Low,WCL,2,11/12/23,13:10,14:10,Control,WCLC5,NA,5C,N,Absent,NA,Absent,Y,1,Shell missing,?,Yes,NA,NA,NA,0.79,13:15,14:30,NA,NA,,,14:30,15:23,NA,65,NA,